sym,dir,entry,exit,qty,gross,net,reason,entry_t,exit_t
SRF,SHORT,2400.0,2411.9999999999995,208,-2495.9999999999054,-2672.6584584959055,SL,2022-01-06 11:45:00+05:30,2022-01-06 15:00:00+05:30
SRF,LONG,2377.5,2353.725,204,-4850.100000000019,-5019.654519797418,SL,2022-01-07 09:30:00+05:30,2022-01-07 09:35:00+05:30
GLENMARK,LONG,516.6,514.15,941,-2305.4500000000426,-2476.1242979795425,EMA50_DYN,2022-01-07 10:25:00+05:30,2022-01-07 10:55:00+05:30
PAGEIND,LONG,43617.0,43984.238399999995,11,4039.622399999942,3869.3642673148797,TSL,2022-01-07 11:00:00+05:30,2022-01-07 15:10:00+05:30
VOLTAS,SHORT,1215.65,1221.72825,385,-2340.126249999922,-2505.7524903889544,SL,2022-01-21 11:50:00+05:30,2022-01-21 12:00:00+05:30
VOLTAS,SHORT,1211.65,1197.0503999999999,386,5635.445600000092,5472.217903253598,TSL,2022-01-21 13:55:00+05:30,2022-01-21 15:10:00+05:30
TVSMOTOR,SHORT,603.25,606.2662499999999,801,-2416.0162499999196,-2587.013728536092,SL,2022-01-27 11:55:00+05:30,2022-01-27 12:50:00+05:30
RECLTD,LONG,103.05,102.45,4564,-2738.399999999974,-2903.381493851974,EMA50_DYN,2022-01-28 10:50:00+05:30,2022-01-28 13:45:00+05:30
PAGEIND,LONG,42980.95,42551.140499999994,10,-4298.09500000003,-4448.351991354561,SL,2022-01-28 14:05:00+05:30,2022-01-28 14:15:00+05:30
BATAINDIA,LONG,2074.95,2075.65,226,158.20000000006166,-7.1236636455383575,EOD,2022-01-28 15:00:00+05:30,2022-01-28 15:15:00+05:30
GMRAIRPORT,LONG,41.75,42.1,10385,3634.7500000000146,3480.8957047115146,EOD,2022-01-31 11:00:00+05:30,2022-01-31 15:15:00+05:30
SHRIRAMFIN,SHORT,223.35,218.75,2019,9287.399999999989,9131.122304022589,RSI_EXIT,2022-03-02 12:10:00+05:30,2022-03-02 12:55:00+05:30
ASHOKLEY,SHORT,56.0,56.279999999999994,8053,-2254.839999999952,-2414.429967369792,SL,2022-03-02 14:15:00+05:30,2022-03-02 14:40:00+05:30
COFORGE,LONG,920.0,937.0,526,8942.0,8768.881995268,EOD,2022-03-03 10:55:00+05:30,2022-03-03 15:15:00+05:30
BANKBARODA,SHORT,93.1,93.56549999999999,5676,-2642.177999999952,-2829.18244413138,SL,2022-03-04 11:05:00+05:30,2022-03-04 12:40:00+05:30
GODREJPROP,SHORT,1392.45,1357.63875,369,12845.35124999999,12667.933133956272,PARTIAL_PROFIT,2022-03-07 12:15:00+05:30,2022-03-07 14:10:00+05:30
TATAPOWER,SHORT,213.6,214.66799999999998,2407,-2570.6759999999604,-2752.6197738191363,SL,2022-03-07 14:15:00+05:30,2022-03-07 14:30:00+05:30
AUBANK,LONG,556.5,563.1088,1013,6694.7143999999735,6494.108846682119,TSL,2022-03-09 10:25:00+05:30,2022-03-09 13:05:00+05:30
ASHOKLEY,LONG,49.7,49.8,11345,1134.4999999999354,935.4464499849355,RSI_EXIT,2022-03-09 13:10:00+05:30,2022-03-09 13:20:00+05:30
APOLLOTYRE,LONG,176.5,178.0144,3194,4836.993599999983,4636.91748373783,TSL,2022-03-09 13:25:00+05:30,2022-03-09 14:40:00+05:30
APOLLOTYRE,LONG,178.25,176.4675,3163,-5638.047499999996,-5835.1478559632615,SL,2022-03-09 14:45:00+05:30,2022-03-09 15:00:00+05:30
CONCOR,LONG,477.8,476.0,1245,-2241.000000000014,-2450.018516706014,EMA50_DYN,2022-03-10 10:35:00+05:30,2022-03-10 13:55:00+05:30
JINDALSTEL,LONG,458.15,469.60374999999993,324,3711.014999999986,3657.6346246693956,PARTIAL_PROFIT,2022-03-10 14:00:00+05:30,2022-03-10 15:15:00+05:30
JINDALSTEL,LONG,458.15,470.55,974,12077.600000000033,11916.865566041233,RSI_EXIT,2022-03-10 14:00:00+05:30,2022-03-10 15:20:00+05:30
SHRIRAMFIN,LONG,222.9,221.5,2963,-4148.200000000017,-4379.7905523272175,EMA50_DYN,2022-03-16 10:40:00+05:30,2022-03-16 11:10:00+05:30
BATAINDIA,LONG,1899.35,1895.05,347,-1492.0999999999842,-1723.9650302367843,EMA50_DYN,2022-03-16 11:15:00+05:30,2022-03-16 14:40:00+05:30
ASHOKLEY,LONG,55.15,55.3,11979,1796.849999999983,1563.4911534956832,EOD,2022-03-16 14:45:00+05:30,2022-03-16 15:15:00+05:30
CONCOR,LONG,495.15,494.0,1288,-1481.1999999999707,-1705.5534328951708,EMA50_DYN,2022-03-17 10:10:00+05:30,2022-03-17 13:40:00+05:30
IDFCFIRSTB,LONG,42.8,42.55,14905,-3726.25,-3950.0245645355,EMA50_DYN,2022-03-17 13:45:00+05:30,2022-03-17 14:40:00+05:30
ESCORTS,LONG,1841.7,1837.0,346,-1626.2000000000157,-1850.3268928252157,EMA50_DYN,2022-03-17 14:45:00+05:30,2022-03-17 15:15:00+05:30
AUBANK,LONG,616.5,618.9,973,2335.199999999978,2123.111686810778,EOD,2022-03-23 11:05:00+05:30,2022-03-23 15:15:00+05:30
GLENMARK,LONG,466.0,463.75,1311,-2949.75,-3164.2277954085002,EMA50_DYN,2022-03-25 10:00:00+05:30,2022-03-25 10:35:00+05:30
TATAPOWER,LONG,243.05,240.61950000000002,2514,-6110.276999999987,-6323.886014775785,SL,2022-03-25 10:55:00+05:30,2022-03-25 12:00:00+05:30
BATAINDIA,LONG,1944.0,1936.5,314,-2355.0,-2569.468277802,EMA50_DYN,2022-03-25 12:05:00+05:30,2022-03-25 13:40:00+05:30
BANKBARODA,LONG,100.75,100.25,6064,-3032.0,-3246.462007264,EMA50_DYN,2022-03-25 13:45:00+05:30,2022-03-25 14:10:00+05:30
CONCOR,LONG,554.3,553.5,1102,-881.5999999999499,-1096.63894940555,EOD,2022-03-25 14:15:00+05:30,2022-03-25 15:15:00+05:30
GMRAIRPORT,LONG,36.4,36.8,14533,5813.199999999979,5625.088580074379,RSI_EXIT,2022-03-29 10:30:00+05:30,2022-03-29 11:00:00+05:30
BEL,LONG,69.25,68.95,7639,-2291.6999999999784,-2477.4914282147784,EMA50_DYN,2022-03-29 11:05:00+05:30,2022-03-29 11:55:00+05:30
GMRAIRPORT,LONG,36.7,36.7,14415,0.0,-186.457857786,EOD,2022-03-29 12:10:00+05:30,2022-03-29 15:15:00+05:30
GMRAIRPORT,LONG,37.45,37.075500000000005,14521,-5438.114499999965,-5628.225403414488,SL,2022-03-30 10:45:00+05:30,2022-03-30 11:20:00+05:30
BHARATFORG,LONG,723.05,715.8195,752,-5437.336000000005,-5627.419687853268,SL,2022-03-30 11:25:00+05:30,2022-03-30 12:00:00+05:30
ASHOKLEY,LONG,55.6,55.2,9781,-3912.399999999986,-4102.951884864786,EMA50_DYN,2022-03-30 12:05:00+05:30,2022-03-30 12:50:00+05:30
COFORGE,LONG,893.5,901.0,608,4560.0,4367.225965344,RSI_EXIT,2022-03-30 12:55:00+05:30,2022-03-30 14:55:00+05:30
BANKBARODA,LONG,107.1,106.029,5077,-5437.46699999999,-5627.555267478848,SL,2022-03-30 15:00:00+05:30,2022-03-30 15:15:00+05:30
RECLTD,LONG,96.25,97.6,4786,6461.099999999973,6296.892770261373,RSI_EXIT,2022-04-04 10:45:00+05:30,2022-04-04 12:25:00+05:30
COFORGE,LONG,888.0,897.5,518,4921.0,4757.469201086,RSI_EXIT,2022-04-04 12:30:00+05:30,2022-04-04 13:45:00+05:30
APOLLOTYRE,LONG,198.45,196.95,2321,-3481.5,-3642.8437588884,EMA50_DYN,2022-04-04 13:50:00+05:30,2022-04-04 14:45:00+05:30
AUBANK,LONG,657.1,654.15,701,-2067.9500000000317,-2229.707041592532,EOD,2022-04-04 14:50:00+05:30,2022-04-04 15:15:00+05:30
GMRAIRPORT,LONG,39.65,39.4,12273,-3068.25,-3238.8835477269,EMA50_DYN,2022-04-05 10:35:00+05:30,2022-04-05 11:40:00+05:30
ASHOKLEY,LONG,59.2,58.9,8220,-2466.000000000035,-2636.805768732035,EMA50_DYN,2022-04-05 11:45:00+05:30,2022-04-05 14:10:00+05:30
ESCORTS,LONG,1804.45,1808.15,269,995.3000000000122,823.9359581956122,RSI_EXIT,2022-04-05 14:15:00+05:30,2022-04-05 14:25:00+05:30
COFORGE,LONG,914.0,910.0,532,-2128.0,-2298.769991168,EMA50_DYN,2022-04-05 14:30:00+05:30,2022-04-05 14:55:00+05:30
ESCORTS,LONG,1808.5,1824.2,269,4223.300000000012,4050.628041836212,RSI_EXIT,2022-04-05 15:00:00+05:30,2022-04-05 15:10:00+05:30
PAGEIND,LONG,44730.0,45099.0,10,3690.0,3531.29204646,RSI_EXIT,2022-04-08 10:35:00+05:30,2022-04-08 11:10:00+05:30
BEL,LONG,79.5,79.85,5913,2069.5499999999665,1903.2757712396665,EMA50_DYN,2022-04-08 11:15:00+05:30,2022-04-08 14:45:00+05:30
ASHOKLEY,LONG,62.35,61.9,7540,-3393.0000000000214,-3557.7232169700214,EMA50_DYN,2022-04-08 14:50:00+05:30,2022-04-08 15:15:00+05:30
TATAPOWER,SHORT,257.6,256.83840000000004,1861,1417.3375999999762,1248.7800457646738,TSL,2022-04-18 12:05:00+05:30,2022-04-18 12:40:00+05:30
BEL,LONG,85.75,85.85,5665,566.4999999999678,395.12592323596783,EMA50_DYN,2022-04-19 10:35:00+05:30,2022-04-19 14:25:00+05:30
CANBK,LONG,45.23,44.777699999999996,10740,-4857.702000000011,-5027.522277917759,SL,2022-04-19 14:30:00+05:30,2022-04-19 14:55:00+05:30
LICHSGFIN,LONG,374.9,371.15099999999995,1295,-4854.955000000031,-5024.679245616201,SL,2022-04-19 15:00:00+05:30,2022-04-19 15:05:00+05:30
ASHOKLEY,LONG,61.3,61.0,7136,-2140.7999999999797,-2294.36272241278,EMA50_DYN,2022-04-20 10:15:00+05:30,2022-04-20 11:30:00+05:30
LICHSGFIN,LONG,371.85,371.2,1176,-764.4000000000401,-918.3069176568401,EMA50_DYN,2022-04-20 12:35:00+05:30,2022-04-20 13:15:00+05:30
CUMMINSIND,LONG,1085.45,1100.65,403,6125.600000000019,5969.671377584218,RSI_EXIT,2022-04-20 13:20:00+05:30,2022-04-20 14:55:00+05:30
CUMMINSIND,LONG,1110.05,1098.9495,394,-4373.597000000004,-4526.493463809482,SL,2022-04-20 15:00:00+05:30,2022-04-20 15:10:00+05:30
CANBK,SHORT,43.48,43.43,9858,492.899999999972,341.97104623569203,EOD,2022-04-22 14:50:00+05:30,2022-04-22 15:15:00+05:30
TATAPOWER,SHORT,247.35,246.96,1739,678.2099999999763,526.7998365096363,TSL,2022-04-25 11:15:00+05:30,2022-04-25 12:45:00+05:30
APOLLOTYRE,SHORT,193.55,194.51774999999998,2223,-2151.3082499999264,-2303.570589420891,SL,2022-04-25 13:40:00+05:30,2022-04-25 14:10:00+05:30
ESCORTS,LONG,1607.75,1598.75,262,-2358.0,-2505.788611278,EMA50_DYN,2022-04-26 10:45:00+05:30,2022-04-26 13:10:00+05:30
BALKRISIND,LONG,2090.35,2100.0,201,1939.6500000000183,1791.0084660609182,RSI_EXIT,2022-04-26 13:15:00+05:30,2022-04-26 13:25:00+05:30
APOLLOTYRE,LONG,201.05,204.4,2096,7021.599999999988,6871.066680756788,RSI_EXIT,2022-04-26 13:30:00+05:30,2022-04-26 14:40:00+05:30
APOLLOTYRE,LONG,203.3,204.3,2073,2073.0,1923.8689654152,EOD,2022-04-26 14:45:00+05:30,2022-04-26 15:15:00+05:30
AUBANK,LONG,693.9,701.3,665,4920.9999999999845,4756.954797391984,RSI_EXIT,2022-04-28 11:40:00+05:30,2022-04-28 12:35:00+05:30
AUBANK,LONG,701.3,706.45,658,3388.70000000006,3225.08918731306,EOD,2022-04-28 12:40:00+05:30,2022-04-28 15:15:00+05:30
BHARATFORG,SHORT,675.6,678.978,742,-2506.4759999999474,-2683.8759144299233,SL,2022-05-02 11:20:00+05:30,2022-05-02 12:05:00+05:30
RBLBANK,LONG,122.15,120.9285,3998,-4883.557000000024,-5054.281142190543,SL,2022-05-04 11:05:00+05:30,2022-05-04 12:15:00+05:30
CONCOR,LONG,520.5,515.295,938,-4882.290000000038,-5052.9698491704985,SL,2022-05-04 13:25:00+05:30,2022-05-04 14:05:00+05:30
MFSL,LONG,732.5,728.5,597,-2388.0,-2541.444633042,EMA50_DYN,2022-05-05 10:30:00+05:30,2022-05-05 13:05:00+05:30
APOLLOTYRE,LONG,203.25,202.2,2154,-2261.7000000000244,-2415.3563044818243,EMA50_DYN,2022-05-05 13:10:00+05:30,2022-05-05 13:55:00+05:30
SRF,SHORT,2299.0,2310.495,179,-2057.6049999999805,-2203.2353395407104,SL,2022-05-06 11:20:00+05:30,2022-05-06 11:20:00+05:30
GODREJPROP,SHORT,1422.0,1429.11,290,-2061.899999999971,-2207.834325149371,SL,2022-05-06 12:40:00+05:30,2022-05-06 12:45:00+05:30
GODREJPROP,SHORT,1416.05,1423.1302499999997,291,-2060.3527499999273,-2206.1775660147487,SL,2022-05-06 13:10:00+05:30,2022-05-06 13:25:00+05:30
BALKRISIND,LONG,1962.75,1943.1225,193,-3788.1075000000105,-3920.5358516017154,SL,2022-05-11 11:40:00+05:30,2022-05-11 13:05:00+05:30
GODREJPROP,LONG,1374.0,1386.6176,276,3482.4576000000106,3347.802572842993,TSL,2022-05-11 13:40:00+05:30,2022-05-11 14:30:00+05:30
AUBANK,LONG,636.2,637.8,597,955.1999999999457,821.0613093719458,EOD,2022-05-11 14:35:00+05:30,2022-05-11 15:15:00+05:30
BANKBARODA,SHORT,90.4,90.2664,4216,563.2576000000054,429.0900570370229,TSL,2022-05-12 11:05:00+05:30,2022-05-12 13:15:00+05:30
SHRIRAMFIN,LONG,216.75,216.5,1768,-442.0,-576.9380288360001,EMA50_DYN,2022-05-13 10:40:00+05:30,2022-05-13 14:00:00+05:30
BANKINDIA,LONG,43.2,42.768,8873,-3833.136000000019,-3967.138501762483,SL,2022-05-13 14:05:00+05:30,2022-05-13 14:10:00+05:30
UNIONBANK,LONG,32.95,32.6205,11634,-3833.4030000000353,-3967.414835808557,SL,2022-05-13 14:15:00+05:30,2022-05-13 14:35:00+05:30
RECLTD,LONG,86.5,86.5,3939,0.0,-120.08867902200001,EMA50_DYN,2022-05-16 10:00:00+05:30,2022-05-16 11:25:00+05:30
BALKRISIND,LONG,1987.35,2000.5168,171,2251.5228000000334,2131.1021781788804,TSL,2022-05-16 11:30:00+05:30,2022-05-16 12:25:00+05:30
APOLLOTYRE,LONG,208.6,210.3,1633,2776.1000000000276,2655.2448194038275,EOD,2022-05-16 12:30:00+05:30,2022-05-16 15:15:00+05:30
SRF,SHORT,2296.6,2308.0829999999996,158,-1814.3139999999557,-1942.7250234245198,SL,2022-05-19 11:35:00+05:30,2022-05-19 12:05:00+05:30
TATAPOWER,SHORT,228.6,228.5,1592,159.19999999999095,30.977287876790967,EOD,2022-05-19 12:10:00+05:30,2022-05-19 15:15:00+05:30
BALKRISIND,LONG,2133.3,2114.05,166,-3195.5,-3319.3984161826,EMA50_DYN,2022-05-20 10:45:00+05:30,2022-05-20 11:30:00+05:30
AUBANK,LONG,648.8,654.7,546,3221.4000000000497,3095.6236633140497,EOD,2022-05-20 11:35:00+05:30,2022-05-20 15:15:00+05:30
IDEA,LONG,9.2,9.107999999999999,38417,-3534.36400000002,-3657.921739182556,SL,2022-05-23 10:00:00+05:30,2022-05-23 11:45:00+05:30
AUBANK,LONG,672.65,671.1,525,-813.7499999999761,-937.9824234374761,EMA50_DYN,2022-05-23 11:50:00+05:30,2022-05-23 14:40:00+05:30
BATAINDIA,LONG,1743.85,1740.2,189,-689.8499999999742,-805.8163734116742,EMA50_DYN,2022-05-26 10:50:00+05:30,2022-05-26 11:35:00+05:30
SAIL,LONG,71.1,72.87749999999998,1161,2063.6774999999875,2033.9929313546725,PARTIAL_PROFIT,2022-05-26 11:40:00+05:30,2022-05-26 12:35:00+05:30
SAIL,LONG,71.1,72.86240000000001,3486,6143.726400000048,6054.611056288281,TSL,2022-05-26 11:40:00+05:30,2022-05-26 12:50:00+05:30
BANKBARODA,LONG,88.05,90.25124999999998,938,2064.772499999988,2035.0721805396033,PARTIAL_PROFIT,2022-05-26 12:55:00+05:30,2022-05-26 14:20:00+05:30
BANKBARODA,LONG,88.05,89.9248,2815,5277.562000000022,5188.69240748001,TSL,2022-05-26 12:55:00+05:30,2022-05-26 14:30:00+05:30
BANKBARODA,LONG,89.95,91.15,3673,4407.60000000001,4289.89310045221,EOD,2022-05-26 14:35:00+05:30,2022-05-26 15:15:00+05:30
AUBANK,LONG,663.65,657.85,639,-3706.1999999999707,-3854.604337100971,EMA50_DYN,2022-05-27 10:30:00+05:30,2022-05-27 13:35:00+05:30
BANKINDIA,LONG,46.95,47.0,9040,451.9999999999743,302.2801283919743,EOD,2022-05-27 13:40:00+05:30,2022-05-27 15:15:00+05:30
TORNTPOWER,LONG,437.55,444.3,929,6270.75,6125.6890671651,RSI_EXIT,2022-05-30 10:20:00+05:30,2022-05-30 13:30:00+05:30
BANKBARODA,LONG,93.9,94.0,4331,433.09999999997535,289.64053895257535,EOD,2022-05-30 13:35:00+05:30,2022-05-30 15:15:00+05:30
BATAINDIA,LONG,1858.9,1854.25,236,-1097.4000000000215,-1251.7067289684214,EMA50_DYN,2022-06-03 11:55:00+05:30,2022-06-03 12:35:00+05:30
MFSL,LONG,810.95,808.3,541,-1433.6500000000492,-1587.868785720549,EMA50_DYN,2022-06-03 14:15:00+05:30,2022-06-03 14:50:00+05:30
CUMMINSIND,SHORT,998.35,1003.3417499999999,425,-2121.4937499999623,-2271.64591970505,SL,2022-06-10 11:25:00+05:30,2022-06-10 12:45:00+05:30
BHARATFORG,SHORT,654.5,657.7724999999999,631,-2064.947499999951,-2211.097516917086,SL,2022-06-13 12:05:00+05:30,2022-06-13 12:10:00+05:30
AUBANK,SHORT,588.85,585.3456000000001,701,2456.584399999943,2311.801044826217,TSL,2022-06-13 12:20:00+05:30,2022-06-13 14:30:00+05:30
SUNTV,LONG,418.0,415.45,989,-2521.950000000011,-2666.932514043311,EMA50_DYN,2022-06-16 10:50:00+05:30,2022-06-16 12:10:00+05:30
ESCORTS,LONG,1501.05,1510.95,266,2633.400000000024,2491.919464608024,EOD,2022-06-21 10:35:00+05:30,2022-06-21 15:15:00+05:30
MANAPPURAM,LONG,86.05,87.29599999999999,4797,5977.061999999976,5829.865420855765,TSL,2022-06-24 10:55:00+05:30,2022-06-24 15:00:00+05:30
PFC,LONG,83.3,83.15,5305,-795.7499999999548,-951.2730653984547,EMA50_DYN,2022-06-27 11:00:00+05:30,2022-06-27 14:40:00+05:30
GMRAIRPORT,LONG,35.15,34.85,12574,-3772.1999999999643,-3926.8956586799645,EMA50_DYN,2022-06-27 14:45:00+05:30,2022-06-27 15:10:00+05:30
IDFCFIRSTB,SHORT,31.3,31.4565,13341,-2087.8664999999687,-2235.6386464083976,SL,2022-06-29 14:00:00+05:30,2022-06-29 14:00:00+05:30
BEL,LONG,79.0,78.95,5144,-257.1999999999854,-400.35441662478536,RSI_EXIT,2022-07-07 10:50:00+05:30,2022-07-07 11:00:00+05:30
APOLLOTYRE,LONG,198.1,200.05,2051,3999.450000000035,3855.1029132231347,RSI_EXIT,2022-07-07 11:05:00+05:30,2022-07-07 12:10:00+05:30
APOLLOTYRE,LONG,200.05,200.8,2031,1523.25,1379.6122123449,RSI_EXIT,2022-07-07 12:15:00+05:30,2022-07-07 12:25:00+05:30
APOLLOTYRE,LONG,200.75,200.7,2024,-101.20000000002301,-244.378625664823,RSI_EXIT,2022-07-07 12:30:00+05:30,2022-07-07 12:40:00+05:30
APOLLOTYRE,LONG,200.75,201.1,2024,708.3999999999885,564.9896457655885,RSI_EXIT,2022-07-07 12:45:00+05:30,2022-07-07 13:05:00+05:30
APOLLOTYRE,LONG,200.7,198.69299999999998,2024,-4062.16800000001,-4204.177225495642,SL,2022-07-07 13:10:00+05:30,2022-07-07 14:00:00+05:30
MFSL,LONG,856.0,859.55,474,1682.6999999999784,1539.2130832217786,EOD,2022-07-07 14:05:00+05:30,2022-07-07 15:15:00+05:30
COFORGE,LONG,729.0,725.0,574,-2296.0,-2442.824954696,EMA50_DYN,2022-07-08 10:20:00+05:30,2022-07-08 10:50:00+05:30
BATAINDIA,LONG,1795.25,1790.0,233,-1223.25,-1370.3281665945,EMA50_DYN,2022-07-08 11:15:00+05:30,2022-07-08 12:05:00+05:30
GLENMARK,LONG,395.0,398.0,1060,3180.0,3031.51814892,RSI_EXIT,2022-07-08 12:10:00+05:30,2022-07-08 12:35:00+05:30
APOLLOTYRE,LONG,202.85,204.6,2064,3612.0,3463.4007024432,RSI_EXIT,2022-07-08 12:40:00+05:30,2022-07-08 13:10:00+05:30
APOLLOTYRE,LONG,204.35,205.0,2049,1331.8500000000117,1183.8925027581117,RSI_EXIT,2022-07-08 13:15:00+05:30,2022-07-08 13:40:00+05:30
APOLLOTYRE,LONG,204.65,202.6035,2046,-4187.139000000018,-4333.517083435404,SL,2022-07-08 13:45:00+05:30,2022-07-08 14:30:00+05:30
SRF,LONG,2172.3,2180.0,192,1478.399999999965,1330.9755993983651,EOD,2022-07-08 14:35:00+05:30,2022-07-08 15:15:00+05:30
VOLTAS,LONG,978.95,985.552,432,2852.0639999999894,2702.193458636725,TSL,2022-07-13 11:05:00+05:30,2022-07-13 14:35:00+05:30
SHRIRAMFIN,LONG,253.5,254.05,1669,917.9500000000189,768.5678134853189,EOD,2022-07-13 14:40:00+05:30,2022-07-13 15:15:00+05:30
LTF,LONG,70.75,71.2256,6226,2961.0856000000003,2804.9866550590546,TSL,2022-07-18 10:50:00+05:30,2022-07-18 14:05:00+05:30
BANKBARODA,LONG,99.45,100.45,4429,4429.0,4272.4898696954,RSI_EXIT,2022-07-18 14:10:00+05:30,2022-07-18 14:55:00+05:30
BANKBARODA,LONG,100.55,100.45,4381,-438.0999999999751,-593.2330763059751,EOD,2022-07-18 15:00:00+05:30,2022-07-18 15:15:00+05:30
MFSL,LONG,838.0,836.0,564,-1128.0,-1294.2572307359999,EMA50_DYN,2022-07-20 10:55:00+05:30,2022-07-20 13:10:00+05:30
COFORGE,LONG,697.5,710.0,678,8475.0,8305.89792159,RSI_EXIT,2022-07-20 13:15:00+05:30,2022-07-20 15:20:00+05:30
AUBANK,LONG,585.4,585.05,867,-303.4500000000197,-482.2472672139197,EMA50_DYN,2022-07-28 10:05:00+05:30,2022-07-28 13:15:00+05:30
APOLLOTYRE,LONG,217.65,218.05,2334,933.6000000000133,754.2888904212133,RSI_EXIT,2022-07-28 13:20:00+05:30,2022-07-28 13:35:00+05:30
APOLLOTYRE,LONG,217.9,218.3,2331,932.4000000000133,753.1139760228133,EOD,2022-07-28 13:40:00+05:30,2022-07-28 15:15:00+05:30
IDEA,LONG,8.85,8.7615,57981,-5131.3184999999885,-5310.704130027208,SL,2022-07-29 10:15:00+05:30,2022-07-29 10:25:00+05:30
IDEA,LONG,8.75,8.8,58644,2932.2000000000417,2750.5052711028416,EMA50_DYN,2022-07-29 10:30:00+05:30,2022-07-29 11:20:00+05:30
BATAINDIA,LONG,1937.5,1939.55,264,541.199999999988,360.76589648878803,RSI_EXIT,2022-07-29 11:25:00+05:30,2022-07-29 11:35:00+05:30
BATAINDIA,LONG,1937.1,1959.85,264,6006.0,5824.0389475752,RSI_EXIT,2022-07-29 11:40:00+05:30,2022-07-29 12:25:00+05:30
AUBANK,LONG,598.0,593.5,858,-3861.0,-4040.732363382,EMA50_DYN,2022-07-29 12:30:00+05:30,2022-07-29 14:15:00+05:30
GMRAIRPORT,LONG,37.5,37.45,13683,-684.1499999999611,-864.8017053320611,EOD,2022-07-29 14:30:00+05:30,2022-07-29 15:15:00+05:30
LTF,LONG,75.6,76.4,6702,5361.600000000076,5181.488092896076,EOD,2022-08-01 10:15:00+05:30,2022-08-01 15:15:00+05:30
CASTROLIND,LONG,114.65,114.55,4645,-464.5000000000396,-652.0650962840397,EMA50_DYN,2022-08-11 09:55:00+05:30,2022-08-11 10:40:00+05:30
GMRAIRPORT,LONG,34.9,34.8,15261,-1526.1000000000217,-1713.3822625242217,EMA50_DYN,2022-08-11 10:45:00+05:30,2022-08-11 13:05:00+05:30
CUMMINSIND,LONG,1240.4,1237.5,429,-1244.100000000039,-1431.294752916639,EOD,2022-08-11 13:10:00+05:30,2022-08-11 15:15:00+05:30
IDFCFIRSTB,LONG,49.85,49.3515,10304,-5136.544,-5316.112308145855,SL,2022-08-25 10:55:00+05:30,2022-08-25 14:30:00+05:30
GMRAIRPORT,LONG,34.9,34.65,14717,-3679.25,-3859.2244623211,EMA50_DYN,2022-08-25 14:35:00+05:30,2022-08-25 15:05:00+05:30
BANKBARODA,LONG,120.9,120.5,3869,-1547.600000000022,-1712.020724311622,EMA50_DYN,2022-08-26 11:15:00+05:30,2022-08-26 13:10:00+05:30
VOLTAS,LONG,1001.1,1008.5,467,3455.7999999999893,3290.0347215967895,EOD,2022-08-26 13:30:00+05:30,2022-08-26 15:15:00+05:30
CUMMINSIND,SHORT,1185.0,1183.65,401,541.3499999999635,374.02504482506356,EOD,2022-08-29 13:35:00+05:30,2022-08-29 15:15:00+05:30
PAGEIND,LONG,51143.65,51480.0,9,3027.149999999987,2864.052415395887,RSI_EXIT,2022-08-30 10:55:00+05:30,2022-08-30 11:05:00+05:30
CASTROLIND,LONG,114.7,114.55,4163,-624.4500000000237,-792.5657216115237,EMA50_DYN,2022-08-30 11:10:00+05:30,2022-08-30 13:20:00+05:30
BALKRISIND,LONG,2046.85,2046.2,233,-151.4499999999682,-319.4966667268682,EOD,2022-08-30 13:25:00+05:30,2022-08-30 15:15:00+05:30
ZEEL,SHORT,249.9,243.6525,1945,12151.387500000004,11983.554309952578,PARTIAL_PROFIT,2022-09-01 11:25:00+05:30,2022-09-01 12:35:00+05:30
PFC,SHORT,94.35,94.2984,5154,265.94639999996616,94.63219745945258,TSL,2022-09-01 13:15:00+05:30,2022-09-01 15:15:00+05:30
CONCOR,LONG,588.65,582.7635,928,-5462.671999999959,-5653.641408418487,SL,2022-09-08 11:00:00+05:30,2022-09-08 12:15:00+05:30
BANKBARODA,LONG,130.9,130.6,4176,-1252.8000000000475,-1445.1052134240474,EMA50_DYN,2022-09-08 12:20:00+05:30,2022-09-08 15:05:00+05:30
GODREJPROP,LONG,1433.45,1430.9,356,-907.7999999999838,-1087.399309743584,EMA50_DYN,2022-09-09 09:30:00+05:30,2022-09-09 11:25:00+05:30
BHARATFORG,LONG,783.0,787.65,652,3031.799999999985,2850.999834781185,EOD,2022-09-09 11:35:00+05:30,2022-09-09 15:15:00+05:30
CONCOR,SHORT,612.8,615.8639999999999,848,-2598.27199999997,-2782.168925590242,SL,2022-09-14 14:55:00+05:30,2022-09-14 15:00:00+05:30
GODREJPROP,LONG,1335.1,1323.2,379,-4510.0999999999485,-4687.150826228149,EMA50_DYN,2022-09-20 10:40:00+05:30,2022-09-20 11:25:00+05:30
ASHOKLEY,LONG,79.7,79.3,6350,-2540.000000000036,-2717.647180900036,EMA50_DYN,2022-09-20 11:30:00+05:30,2022-09-20 13:15:00+05:30
CANBK,LONG,46.93,46.63,10784,-3235.1999999999694,-3412.6475339750095,EMA50_DYN,2022-09-20 13:20:00+05:30,2022-09-20 13:45:00+05:30
ESCORTS,LONG,2100.0,2130.6,241,7374.5999999999785,7194.113240540379,RSI_EXIT,2022-09-20 13:50:00+05:30,2022-09-20 14:00:00+05:30
ESCORTS,LONG,2119.9,2098.701,238,-5045.362000000016,-5221.742678978604,SL,2022-09-20 14:05:00+05:30,2022-09-20 15:05:00+05:30
FEDERALBNK,LONG,113.45,114.3776,4071,3776.2595999999926,3612.397035482323,TSL,2022-09-27 10:50:00+05:30,2022-09-27 14:20:00+05:30
ESCORTS,LONG,2024.3,2031.05,228,1539.0,1375.8886611252,EOD,2022-09-27 14:25:00+05:30,2022-09-27 15:15:00+05:30
FEDERALBNK,SHORT,112.45,111.8,4329,2813.8500000000245,2643.0831556155244,EOD,2022-09-28 14:45:00+05:30,2022-09-28 15:15:00+05:30
AUBANK,LONG,605.0,598.95,826,-4997.299999999963,-5172.0004807701625,SL,2022-09-29 10:50:00+05:30,2022-09-29 11:15:00+05:30
MGL,LONG,882.8,875.05,566,-4386.5,-4561.3523277406,EMA50_DYN,2022-09-29 11:20:00+05:30,2022-09-29 12:00:00+05:30
ESCORTS,LONG,2121.45,2100.2355,235,-4985.40750000001,-5159.692231171915,SL,2022-09-29 12:10:00+05:30,2022-09-29 12:50:00+05:30
GLENMARK,LONG,389.95,387.6,1282,-3012.699999999956,-3188.034045716556,EMA50_DYN,2022-09-29 13:45:00+05:30,2022-09-29 14:25:00+05:30
MFSL,LONG,762.2,770.3,656,5313.59999999994,5135.85198167994,EOD,2022-09-29 14:30:00+05:30,2022-09-29 15:15:00+05:30
BHARATFORG,LONG,703.65,706.7,618,1884.9000000000422,1731.0947314362422,EMA50_DYN,2022-10-04 11:00:00+05:30,2022-10-04 14:15:00+05:30
ASHOKLEY,LONG,75.95,75.7,5731,-1432.75,-1585.7514978899,EOD,2022-10-04 14:20:00+05:30,2022-10-04 15:15:00+05:30
IDFCFIRSTB,LONG,54.45,54.4,8007,-400.35000000003413,-553.8978377007342,EMA50_DYN,2022-10-06 10:45:00+05:30,2022-10-06 13:40:00+05:30
BANKBARODA,LONG,128.1,127.4,3403,-2382.0999999999613,-2535.060572428961,EMA50_DYN,2022-10-06 13:45:00+05:30,2022-10-06 14:40:00+05:30
RECLTD,LONG,95.25,95.4,4577,686.550000000026,532.6987819587259,RSI_EXIT,2022-10-06 14:45:00+05:30,2022-10-06 15:00:00+05:30
BANKBARODA,SHORT,124.15,124.77074999999999,3409,-2116.136749999955,-2265.909769319561,SL,2022-10-10 14:10:00+05:30,2022-10-10 14:25:00+05:30
SHRIRAMFIN,LONG,240.55,240.6,1712,85.5999999999708,-59.57184750882922,EMA50_DYN,2022-10-14 11:00:00+05:30,2022-10-14 14:05:00+05:30
AUBANK,LONG,602.65,601.6,683,-717.1499999999689,-862.0174831214689,EOD,2022-10-14 14:10:00+05:30,2022-10-14 15:15:00+05:30
EXIDEIND,LONG,164.8,163.9,2471,-2223.900000000014,-2366.789247400214,EMA50_DYN,2022-10-27 10:30:00+05:30,2022-10-27 11:25:00+05:30
CONCOR,LONG,633.1,629.7,643,-2186.1999999999853,-2329.0515759703853,EMA50_DYN,2022-10-27 11:30:00+05:30,2022-10-27 14:45:00+05:30
EXIDEIND,LONG,165.45,166.5,2461,2584.050000000028,2439.801633357328,RSI_EXIT,2022-10-27 14:50:00+05:30,2022-10-27 15:10:00+05:30
JINDALSTEL,LONG,492.85,499.5,803,5339.949999999982,5198.935675006682,RSI_EXIT,2022-11-11 10:45:00+05:30,2022-11-11 11:40:00+05:30
COFORGE,LONG,778.5,779.5,508,508.0,368.467585136,EOD,2022-11-11 11:45:00+05:30,2022-11-11 15:15:00+05:30
MFSL,LONG,697.8,693.75,607,-2458.349999999972,-2606.932546712072,EMA50_DYN,2022-12-22 12:25:00+05:30,2022-12-22 13:55:00+05:30
BALKRISIND,LONG,2150.0,2154.0,197,788.0,638.493409312,EOD,2022-12-22 14:00:00+05:30,2022-12-22 15:15:00+05:30
SUNTV,SHORT,493.1,488.1744,839,4132.578400000026,3987.9480172583444,TSL,2022-12-23 10:55:00+05:30,2022-12-23 14:35:00+05:30
BANKBARODA,LONG,177.55,179.45,2444,4643.599999999944,4489.330609191944,RSI_EXIT,2023-01-09 10:30:00+05:30,2023-01-09 11:30:00+05:30
BANKBARODA,LONG,179.6,177.804,2416,-4339.135999999981,-4490.827742606445,SL,2023-01-09 11:35:00+05:30,2023-01-09 13:40:00+05:30
ASHOKLEY,LONG,73.0,73.2,5944,1188.800000000017,1035.526582307217,EOD,2023-01-09 13:45:00+05:30,2023-01-09 15:15:00+05:30
APOLLOTYRE,LONG,327.8,335.995,334,2737.129999999998,2697.758284518218,PARTIAL_PROFIT,2023-02-01 10:50:00+05:30,2023-02-01 13:15:00+05:30
APOLLOTYRE,LONG,327.8,332.66720000000004,1005,4891.5360000000255,4774.024480788889,TSL,2023-02-01 10:50:00+05:30,2023-02-01 13:35:00+05:30
ASHOKLEY,SHORT,64.95,64.81439999999999,7336,994.7616000000794,827.112394347401,TSL,2023-03-27 12:40:00+05:30,2023-03-27 13:40:00+05:30
IRCTC,SHORT,589.25,583.8,808,4403.600000000037,4237.053093285636,RSI_EXIT,2023-03-27 14:00:00+05:30,2023-03-27 15:10:00+05:30
APOLLOTYRE,LONG,321.6,322.9,1560,2027.999999999929,1850.5957750799291,EOD,2023-04-03 10:35:00+05:30,2023-04-03 15:15:00+05:30
BHEL,LONG,80.1,81.65,6380,9889.000000000073,9706.053145910073,RSI_EXIT,2023-05-29 10:25:00+05:30,2023-05-29 11:40:00+05:30
BANKINDIA,LONG,75.8,75.25,6742,-3708.099999999981,-3887.1569842765807,EMA50_DYN,2023-05-29 11:45:00+05:30,2023-05-29 14:30:00+05:30
TATAPOWER,LONG,215.45,215.85,2372,948.8000000000135,768.4087505464134,RSI_EXIT,2023-05-29 14:35:00+05:30,2023-05-29 14:45:00+05:30
GODREJPROP,LONG,1378.6,1377.7,370,-332.9999999999495,-512.6841078059496,EOD,2023-05-29 14:50:00+05:30,2023-05-29 15:15:00+05:30
SRF,LONG,2329.3,2321.35,232,-1844.4000000000633,-2034.3362996808632,EMA50_DYN,2023-08-24 10:05:00+05:30,2023-08-24 11:25:00+05:30
SHRIRAMFIN,LONG,385.05,381.1995,1406,-5413.803000000015,-5603.063998318137,SL,2023-08-24 11:30:00+05:30,2023-08-24 12:15:00+05:30
BHARATFORG,LONG,1042.35,1041.5,519,-441.1499999999528,-631.6930910018527,EMA50_DYN,2023-08-24 12:20:00+05:30,2023-08-24 15:05:00+05:30
PFC,LONG,208.7,208.35,2396,-838.5999999999864,-1014.6019017067864,EMA50_DYN,2023-09-04 10:25:00+05:30,2023-09-04 12:15:00+05:30
CUMMINSIND,LONG,1730.65,1737.45,288,1958.399999999987,1782.1677915071868,RSI_EXIT,2023-09-04 12:20:00+05:30,2023-09-04 12:50:00+05:30
BANKBARODA,LONG,185.35,184.8,2698,-1483.899999999954,-1659.7274564221539,EMA50_DYN,2023-09-04 12:55:00+05:30,2023-09-04 14:20:00+05:30
APOLLOTYRE,LONG,388.8,390.0,1286,1543.1999999999853,1366.5334238831852,EOD,2023-09-04 14:25:00+05:30,2023-09-04 15:15:00+05:30
IDEA,LONG,10.7,10.967499999999998,11740,3140.44999999998,3095.27680622228,PARTIAL_PROFIT,2023-09-11 10:30:00+05:30,2023-09-11 11:15:00+05:30
IDEA,LONG,10.7,11.011199999999999,35220,10960.463999999982,10824.503884223117,TSL,2023-09-11 10:30:00+05:30,2023-09-11 11:20:00+05:30
BALKRISIND,LONG,2432.0,2438.0,206,1236.0,1059.07059228,RSI_EXIT,2023-09-11 11:25:00+05:30,2023-09-11 11:40:00+05:30
APOLLOTYRE,LONG,385.0,383.5,1305,-1957.5,-2134.020408705,EMA50_DYN,2023-09-11 11:45:00+05:30,2023-09-11 12:30:00+05:30
BHARATFORG,LONG,1114.25,1114.05,450,-90.00000000002046,-266.69807811002045,EOD,2023-09-11 12:35:00+05:30,2023-09-11 15:15:00+05:30
TORNTPOWER,LONG,725.0,723.05,779,-1519.0500000000354,-1717.6712866947355,EMA50_DYN,2023-09-12 11:05:00+05:30,2023-09-12 11:40:00+05:30
GLENMARK,LONG,813.35,811.5,695,-1285.750000000016,-1484.615434689516,EMA50_DYN,2023-09-12 13:20:00+05:30,2023-09-12 15:10:00+05:30
ESCORTS,SHORT,3181.9,3197.8095,172,-2736.4339999999575,-2930.109565791641,SL,2023-10-09 12:40:00+05:30,2023-10-09 14:50:00+05:30
CASTROLIND,LONG,137.1,136.85,3900,-975.0,-1163.17348953,EMA50_DYN,2023-10-10 10:40:00+05:30,2023-10-10 13:55:00+05:30
CANBK,LONG,71.23,71.38,7506,1125.899999999936,937.138437510776,EOD,2023-10-10 14:00:00+05:30,2023-10-10 15:15:00+05:30
BEL,LONG,138.25,138.55,3859,1157.700000000044,969.3331151088439,EOD,2023-10-17 11:00:00+05:30,2023-10-17 15:15:00+05:30
MGL,LONG,1009.45,1001.0,533,-4503.850000000024,-4692.193044886124,EMA50_DYN,2023-10-27 10:40:00+05:30,2023-10-27 11:45:00+05:30
BANKINDIA,LONG,96.55,95.58449999999999,5576,-5383.628000000032,-5571.834111277704,SL,2023-10-27 11:50:00+05:30,2023-10-27 14:00:00+05:30
BALKRISIND,LONG,2610.25,2600.0,206,-2111.5,-2300.413127399,EOD,2023-10-27 14:05:00+05:30,2023-10-27 15:15:00+05:30
SAIL,LONG,84.2,83.8,5648,-2259.200000000032,-2426.165995264032,EMA50_DYN,2023-11-02 10:35:00+05:30,2023-11-02 11:20:00+05:30
BANKINDIA,LONG,101.0,99.99,4708,-4755.0800000000245,-4921.312718087945,SL,2023-11-02 11:25:00+05:30,2023-11-02 12:55:00+05:30
CUMMINSIND,LONG,1701.6,1707.0,279,1506.6000000000254,1338.8434537356254,EOD,2023-11-02 13:00:00+05:30,2023-11-02 15:15:00+05:30
SHRIRAMFIN,LONG,398.05,403.2,1119,5762.849999999975,5604.212075182475,RSI_EXIT,2023-11-03 10:45:00+05:30,2023-11-03 12:00:00+05:30
GMRAIRPORT,LONG,56.9,56.4,7830,-3915.0,-4070.906307414,EMA50_DYN,2023-11-03 12:05:00+05:30,2023-11-03 13:35:00+05:30
CUMMINSIND,LONG,1711.55,1717.05,260,1430.0,1272.748499464,RSI_EXIT,2023-11-03 13:40:00+05:30,2023-11-03 15:00:00+05:30
GMRAIRPORT,LONG,56.5,56.3,8134,-1626.8000000000231,-1788.3110856352232,EMA50_DYN,2023-11-06 10:20:00+05:30,2023-11-06 10:55:00+05:30
APOLLOTYRE,LONG,389.85,391.3,1178,1708.0999999999867,1545.7498777977867,RSI_EXIT,2023-11-06 11:00:00+05:30,2023-11-06 11:20:00+05:30
APOLLOTYRE,LONG,391.85,392.55,1172,820.3999999999867,658.3022336031867,EOD,2023-11-06 11:25:00+05:30,2023-11-06 15:15:00+05:30
ZEEL,LONG,252.7,251.45,1826,-2282.5,-2444.4786860054,EMA50_DYN,2023-11-15 10:00:00+05:30,2023-11-15 10:40:00+05:30
APOLLOTYRE,LONG,423.7,428.9,1089,5662.799999999987,5498.554528803587,EOD,2023-11-15 10:45:00+05:30,2023-11-15 15:15:00+05:30
SUNTV,LONG,677.25,675.5,704,-1232.0,-1399.690843936,EMA50_DYN,2023-12-04 10:25:00+05:30,2023-12-04 11:10:00+05:30
BANKBARODA,LONG,201.45,201.5,2367,118.35000000002691,-49.74431977887309,EOD,2023-12-04 11:15:00+05:30,2023-12-04 15:15:00+05:30
SAIL,LONG,111.05,111.85,4229,3383.199999999988,3216.709448833388,RSI_EXIT,2023-12-14 10:55:00+05:30,2023-12-14 11:05:00+05:30
ASHOKLEY,LONG,85.5,85.3,5493,-1098.6000000000156,-1263.8151625944156,EMA50_DYN,2023-12-14 11:10:00+05:30,2023-12-14 13:20:00+05:30
APOLLOTYRE,LONG,457.05,463.1,1027,6213.350000000011,6046.134010044711,RSI_EXIT,2023-12-14 13:25:00+05:30,2023-12-14 14:35:00+05:30
APOLLOTYRE,LONG,463.0,458.37,1014,-4694.819999999995,-4858.9460903146755,SL,2023-12-14 14:40:00+05:30,2023-12-14 14:55:00+05:30
AUBANK,LONG,759.55,759.95,618,247.2000000000562,81.6876064740562,EOD,2023-12-14 15:00:00+05:30,2023-12-14 15:15:00+05:30
PAGEIND,LONG,37020.7,37425.0,13,5255.900000000038,5084.771367933437,RSI_EXIT,2024-01-15 10:25:00+05:30,2024-01-15 10:40:00+05:30
CONCOR,LONG,715.9,721.8,678,4000.1999999999844,3827.9818165043844,EOD,2024-01-15 10:55:00+05:30,2024-01-15 15:15:00+05:30
ESCORTS,SHORT,2905.45,2902.9,182,464.09999999995034,277.85907474775036,EOD,2024-01-17 11:45:00+05:30,2024-01-17 15:15:00+05:30
AUBANK,LONG,743.55,737.85,715,-4075.4999999999513,-4261.710450425951,EMA50_DYN,2024-01-19 10:40:00+05:30,2024-01-19 11:10:00+05:30
BHARATFORG,LONG,1238.0,1232.05,429,-2552.5500000000193,-2739.0073559277193,EMA50_DYN,2024-01-19 11:15:00+05:30,2024-01-19 14:05:00+05:30
APOLLOTYRE,LONG,502.4,503.9,1058,1587.0,1399.2037052196001,EOD,2024-01-19 14:10:00+05:30,2024-01-19 15:15:00+05:30
ESCORTS,LONG,2994.0,2982.55,168,-1923.5999999999694,-2100.3299520503697,EMA50_DYN,2024-01-20 10:40:00+05:30,2024-01-20 12:45:00+05:30
APOLLOTYRE,LONG,517.2,525.15,973,7735.349999999934,7555.769548019634,RSI_EXIT,2024-01-20 12:50:00+05:30,2024-01-20 13:45:00+05:30
APOLLOTYRE,LONG,525.35,528.7,958,3209.300000000022,3030.997504342622,RSI_EXIT,2024-01-20 13:50:00+05:30,2024-01-20 14:00:00+05:30
APOLLOTYRE,LONG,534.95,540.1,941,4846.149999999979,4667.3428161166785,RSI_EXIT,2024-01-20 14:05:00+05:30,2024-01-20 14:15:00+05:30
APOLLOTYRE,LONG,535.6,530.244,940,-5034.639999999995,-5210.645848859355,SL,2024-01-20 14:20:00+05:30,2024-01-20 14:30:00+05:30
APOLLOTYRE,LONG,529.9,524.601,950,-5034.049999999979,-5210.0352230646795,SL,2024-01-20 14:35:00+05:30,2024-01-20 14:55:00+05:30
BANKBARODA,LONG,225.1,225.25,2237,335.5500000000127,157.9772104533127,EOD,2024-01-20 15:00:00+05:30,2024-01-20 15:15:00+05:30
SHRIRAMFIN,LONG,459.8,458.0,1127,-2028.6000000000129,-2210.658085095613,EMA50_DYN,2024-01-23 11:15:00+05:30,2024-01-23 12:05:00+05:30
VOLTAS,LONG,1015.4,1013.1,510,-1172.9999999999768,-1355.182934909977,EMA50_DYN,2024-01-23 13:50:00+05:30,2024-01-23 14:25:00+05:30
LTF,LONG,169.0,170.02880000000002,2960,3045.2480000000537,2868.065782366006,TSL,2024-01-30 10:40:00+05:30,2024-01-30 14:05:00+05:30
APOLLOTYRE,LONG,535.4,533.4,934,-1868.0,-2043.7137457792,EMA50_DYN,2024-01-30 14:10:00+05:30,2024-01-30 14:55:00+05:30
TATAPOWER,LONG,394.4,392.15,1279,-2877.75,-3054.7163541237,EMA50_DYN,2024-02-01 10:40:00+05:30,2024-02-01 11:20:00+05:30
LICHSGFIN,LONG,630.1,625.85,800,-3400.0,-3576.69083576,EMA50_DYN,2024-02-01 11:40:00+05:30,2024-02-01 12:05:00+05:30
LICHSGFIN,LONG,629.5,629.25,801,-200.25,-377.90937897749995,EMA50_DYN,2024-02-01 12:15:00+05:30,2024-02-01 14:35:00+05:30
BANKBARODA,LONG,247.7,248.75,2036,2137.800000000023,1959.440500282823,EOD,2024-02-01 14:40:00+05:30,2024-02-01 15:15:00+05:30
SHRIRAMFIN,LONG,483.05,481.8,992,-1240.0,-1408.5350028512,EMA50_DYN,2024-02-02 10:05:00+05:30,2024-02-02 11:05:00+05:30
APOLLOTYRE,LONG,543.5,540.45,881,-2687.04999999996,-2855.0431966486603,EMA50_DYN,2024-02-02 11:10:00+05:30,2024-02-02 12:30:00+05:30
ESCORTS,LONG,2964.05,2978.9,161,2390.8499999999854,2221.9713351212854,RSI_EXIT,2024-02-02 12:35:00+05:30,2024-02-02 12:45:00+05:30
COFORGE,LONG,1278.0,1284.0,374,2244.0,2074.895521512,EOD,2024-02-02 12:50:00+05:30,2024-02-02 15:15:00+05:30
PAGEIND,LONG,37204.85,37027.85,12,-2124.0,-2280.7471414824,EMA50_DYN,2024-02-05 09:45:00+05:30,2024-02-05 10:40:00+05:30
PFC,LONG,460.45,455.84549999999996,1041,-4793.284500000032,-4960.852808210135,SL,2024-02-05 10:50:00+05:30,2024-02-05 11:25:00+05:30
APOLLOTYRE,LONG,550.4,548.85,871,-1350.0499999999604,-1518.6285054654604,EMA50_DYN,2024-02-05 11:30:00+05:30,2024-02-05 14:10:00+05:30
FEDERALBNK,LONG,147.35,147.15,3253,-650.5999999999631,-819.3544399209632,EOD,2024-02-05 14:15:00+05:30,2024-02-05 15:15:00+05:30
MFSL,LONG,961.3,951.6869999999999,448,-4306.624000000025,-4457.179156443801,SL,2024-02-07 11:00:00+05:30,2024-02-07 12:00:00+05:30
FEDERALBNK,LONG,149.7,149.2,2882,-1441.0,-1592.6478179348,EOD,2024-02-07 12:05:00+05:30,2024-02-07 15:15:00+05:30
BHARATFORG,SHORT,1095.65,1101.12825,366,-2005.0394999999594,-2146.9494308066865,SL,2024-03-21 12:00:00+05:30,2024-03-21 14:20:00+05:30
BHARATFORG,LONG,1150.25,1167.55,339,5864.699999999984,5725.588087870784,RSI_EXIT,2024-04-04 10:25:00+05:30,2024-04-04 10:45:00+05:30
BHARATFORG,LONG,1164.2,1154.45,335,-3266.25,-3402.7738614915,EMA50_DYN,2024-04-04 10:50:00+05:30,2024-04-04 13:50:00+05:30
COFORGE,LONG,1167.5,1164.0,334,-1169.0,-1306.102296946,EOD,2024-04-04 13:55:00+05:30,2024-04-04 15:15:00+05:30
COFORGE,SHORT,1092.0,1078.5,362,4887.0,4749.073101054,EOD,2024-04-15 11:05:00+05:30,2024-04-15 15:15:00+05:30
RBLBANK,SHORT,246.15,245.8008,1703,594.6875999999935,447.1122452135911,TSL,2024-04-16 12:05:00+05:30,2024-04-16 14:05:00+05:30
CASTROLIND,SHORT,207.15,208.18574999999998,2035,-2107.751249999957,-2256.9307719222397,SL,2024-04-19 14:25:00+05:30,2024-04-19 14:30:00+05:30
TVSMOTOR,LONG,1911.1,1944.55,214,7158.30000000001,7012.1069107434105,EOD,2024-04-22 10:25:00+05:30,2024-04-22 15:15:00+05:30
GODREJPROP,LONG,2624.0,2602.0,169,-3718.0,-3873.232765844,EMA50_DYN,2024-04-29 09:25:00+05:30,2024-04-29 09:50:00+05:30
TATAPOWER,LONG,443.2,447.2,1004,4016.0,3858.0189630784,RSI_EXIT,2024-04-29 11:10:00+05:30,2024-04-29 11:35:00+05:30
BANKBARODA,LONG,262.2,263.9712,1698,3007.497600000037,2849.7196473407794,TSL,2024-04-29 11:40:00+05:30,2024-04-29 14:25:00+05:30
FEDERALBNK,LONG,159.85,160.75,2786,2507.400000000016,2349.720603098416,EOD,2024-04-29 14:30:00+05:30,2024-04-29 15:15:00+05:30
JINDALSTEL,LONG,938.75,936.3,502,-1229.9000000000228,-1395.6418567726228,EMA50_DYN,2024-05-06 10:40:00+05:30,2024-05-06 13:05:00+05:30
BEL,LONG,233.6,233.15,2017,-907.6499999999771,-1073.4554387534772,EMA50_DYN,2024-05-06 13:10:00+05:30,2024-05-06 13:35:00+05:30
GODREJPROP,LONG,2814.15,2844.0,167,4984.949999999984,4817.883760802684,EOD,2024-05-06 13:40:00+05:30,2024-05-06 15:15:00+05:30
CUMMINSIND,LONG,3776.9,3778.35,127,184.1499999999769,15.037944714476907,RSI_EXIT,2024-05-16 10:30:00+05:30,2024-05-16 10:40:00+05:30
CUMMINSIND,LONG,3778.1,3781.0,127,368.30000000001155,199.08152251181153,RSI_EXIT,2024-05-16 10:45:00+05:30,2024-05-16 10:55:00+05:30
CUMMINSIND,LONG,3765.0,3727.35,128,-4819.200000000012,-4987.674287500811,SL,2024-05-16 11:00:00+05:30,2024-05-16 12:00:00+05:30
PAGEIND,LONG,35448.2,35320.0,13,-1666.5999999999622,-1828.5422325715622,EMA50_DYN,2024-05-16 12:05:00+05:30,2024-05-16 13:25:00+05:30
LICHSGFIN,LONG,644.5,652.45,749,5954.550000000034,5782.706322785734,EOD,2024-05-16 13:30:00+05:30,2024-05-16 15:15:00+05:30
VOLTAS,LONG,1391.0,1420.85,344,10268.399999999969,10096.811225133568,RSI_EXIT,2024-05-27 10:20:00+05:30,2024-05-27 11:20:00+05:30
ASHOKLEY,LONG,111.1,113.5,4310,10344.000000000024,10172.270810124024,RSI_EXIT,2024-05-27 11:25:00+05:30,2024-05-27 14:45:00+05:30
ASHOKLEY,LONG,113.5,113.9,4219,1687.600000000024,1518.343033864424,EOD,2024-05-27 14:50:00+05:30,2024-05-27 15:15:00+05:30
SUNTV,LONG,669.8,667.6,877,-1929.39999999994,-2135.88320615474,EMA50_DYN,2024-06-03 10:20:00+05:30,2024-06-03 12:25:00+05:30
APOLLOTYRE,LONG,475.5,473.4,1236,-2595.600000000028,-2801.999456330428,EMA50_DYN,2024-06-03 12:30:00+05:30,2024-06-03 14:30:00+05:30
CONCOR,LONG,934.7,940.85,628,3862.1999999999857,3654.208174539586,RSI_EXIT,2024-06-03 14:35:00+05:30,2024-06-03 14:45:00+05:30
APOLLOTYRE,LONG,475.55,476.55,1236,1236.0,1028.4820585944,EOD,2024-06-03 14:50:00+05:30,2024-06-03 15:15:00+05:30
APOLLOTYRE,LONG,457.85,469.29625,320,3662.7999999999884,3610.1131639831883,PARTIAL_PROFIT,2024-06-05 10:10:00+05:30,2024-06-05 11:15:00+05:30
APOLLOTYRE,LONG,457.85,467.5,961,9273.649999999978,9115.918927834879,RSI_EXIT,2024-06-05 10:10:00+05:30,2024-06-05 11:20:00+05:30
APOLLOTYRE,LONG,467.9,469.8,1253,2380.7000000000426,2173.3834813894427,EOD,2024-06-05 11:25:00+05:30,2024-06-05 15:15:00+05:30
SRF,LONG,2301.1,2295.4,287,-1635.8999999999478,-1868.1965971829477,EMA50_DYN,2024-06-06 10:15:00+05:30,2024-06-06 11:40:00+05:30
BATAINDIA,LONG,1455.85,1456.0,454,68.10000000004129,-164.87472085735874,EOD,2024-06-06 11:45:00+05:30,2024-06-06 15:15:00+05:30
ZEEL,LONG,157.72,160.63,4127,12009.569999999985,11776.717862418285,RSI_EXIT,2024-06-10 10:25:00+05:30,2024-06-10 11:05:00+05:30
BATAINDIA,LONG,1487.3,1494.0,437,2927.9000000000196,2697.9857462494197,RSI_EXIT,2024-06-10 11:10:00+05:30,2024-06-10 11:20:00+05:30
BATAINDIA,LONG,1496.1,1487.55,435,-3719.24999999998,-3947.56244913148,EMA50_DYN,2024-06-10 11:25:00+05:30,2024-06-10 14:30:00+05:30
MFSL,LONG,959.0,954.4,678,-3118.8000000000156,-3347.0723136552156,EOD,2024-06-10 14:45:00+05:30,2024-06-10 15:15:00+05:30
ASHOKLEY,LONG,116.5,118.9,5895,14148.000000000033,13901.897895642032,EOD,2024-06-11 10:25:00+05:30,2024-06-11 15:15:00+05:30
TVSMOTOR,LONG,2440.75,2430.0,309,-3321.75,-3586.6156194555,EMA50_DYN,2024-06-13 10:35:00+05:30,2024-06-13 11:10:00+05:30
COFORGE,LONG,1061.0,1057.0,712,-2848.0,-3113.438347616,EMA50_DYN,2024-06-13 11:15:00+05:30,2024-06-13 15:00:00+05:30
RBLBANK,SHORT,228.5,229.64249999999998,3163,-3613.7274999999495,-3869.4949397333644,SL,2024-07-25 12:10:00+05:30,2024-07-25 15:00:00+05:30
RECLTD,LONG,631.5,645.05,1113,15081.149999999949,14829.109146266048,EOD,2024-07-29 09:35:00+05:30,2024-07-29 15:15:00+05:30
CUMMINSIND,SHORT,3519.05,3536.64525,220,-3870.954999999967,-4144.928134297797,SL,2024-08-02 12:15:00+05:30,2024-08-02 13:35:00+05:30
BHEL,SHORT,303.15,302.15,2565,2565.0,2291.674631643,EOD,2024-08-02 14:20:00+05:30,2024-08-02 15:15:00+05:30
ESCORTS,SHORT,3728.0,3746.6399999999994,206,-3839.83999999988,-4111.61091957972,SL,2024-08-05 12:35:00+05:30,2024-08-05 12:50:00+05:30
IDFCFIRSTB,SHORT,71.82,72.17909999999999,10698,-3841.6517999999783,-4113.550952670805,SL,2024-08-05 12:55:00+05:30,2024-08-05 13:25:00+05:30
EXIDEIND,SHORT,485.85,485.5,1581,553.350000000036,282.77983371693597,EOD,2024-08-05 14:30:00+05:30,2024-08-05 15:15:00+05:30
PAGEIND,LONG,42199.95,41777.9505,17,-7173.991499999967,-7424.786882324688,SL,2024-08-06 10:25:00+05:30,2024-08-06 10:35:00+05:30
PAGEIND,LONG,41714.1,41789.75,17,1286.0500000000247,1035.7441935083248,EMA50_DYN,2024-08-06 10:40:00+05:30,2024-08-06 12:30:00+05:30
AUBANK,LONG,642.55,638.75,1134,-4309.199999999948,-4564.781343889148,EMA50_DYN,2024-08-06 12:35:00+05:30,2024-08-06 13:25:00+05:30
TVSMOTOR,LONG,2521.85,2496.6315,288,-7262.927999999985,-7516.832511115857,SL,2024-08-06 13:30:00+05:30,2024-08-06 13:50:00+05:30
JINDALSTEL,LONG,943.2,948.5,674,3572.1999999999694,3347.1178858891694,EOD,2024-08-07 10:50:00+05:30,2024-08-07 15:15:00+05:30
TVSMOTOR,LONG,2576.15,2581.25,253,1290.299999999977,1060.214469982777,EOD,2024-08-09 11:00:00+05:30,2024-08-09 15:15:00+05:30
BATAINDIA,LONG,1398.8,1394.2,470,-2161.9999999999573,-2393.0958124599574,EMA50_DYN,2024-08-16 10:15:00+05:30,2024-08-16 10:40:00+05:30
CUMMINSIND,LONG,3744.9,3748.4,175,612.5,381.342624985,EMA50_DYN,2024-08-16 10:50:00+05:30,2024-08-16 14:20:00+05:30
ASHOKLEY,LONG,127.2,128.25,5175,5433.749999999985,5200.1896659524855,EOD,2024-08-16 14:25:00+05:30,2024-08-16 15:15:00+05:30
GLENMARK,LONG,1613.45,1627.35,417,5796.299999999943,5557.508193926343,RSI_EXIT,2024-08-19 10:45:00+05:30,2024-08-19 11:10:00+05:30
BANKBARODA,LONG,248.35,247.35,2715,-2715.0,-2951.870794563,EMA50_DYN,2024-08-19 11:15:00+05:30,2024-08-19 13:40:00+05:30
IRCTC,LONG,938.5,936.0,718,-1795.0,-2031.983537366,EMA50_DYN,2024-08-19 14:10:00+05:30,2024-08-19 15:00:00+05:30
RBLBANK,SHORT,219.15,216.85,3089,7104.700000000035,6868.1396352960355,EOD,2024-09-04 12:00:00+05:30,2024-09-04 15:15:00+05:30
BHARATFORG,LONG,1579.0,1580.9,450,855.0000000000409,604.320508170041,EMA50_DYN,2024-09-12 11:00:00+05:30,2024-09-12 13:45:00+05:30
JINDALSTEL,LONG,996.05,1000.6,714,3248.700000000049,2997.113429969449,EOD,2024-09-12 13:50:00+05:30,2024-09-12 15:15:00+05:30
JINDALSTEL,LONG,1040.25,1029.8475,701,-7292.152499999943,-7547.078669651478,SL,2024-09-19 09:45:00+05:30,2024-09-19 09:55:00+05:30
ASHOKLEY,LONG,118.4,118.05,6161,-2156.3500000000527,-2412.8332783697524,EMA50_DYN,2024-09-19 12:40:00+05:30,2024-09-19 13:50:00+05:30
AUBANK,LONG,747.7,752.35,975,4533.749999999978,4275.512171482478,EOD,2024-09-19 13:55:00+05:30,2024-09-19 15:15:00+05:30
LTF,SHORT,182.53,183.44265,3840,-3504.5759999999427,-3752.618064840519,SL,2024-10-03 11:05:00+05:30,2024-10-03 12:35:00+05:30
TVSMOTOR,SHORT,2751.75,2724.4,254,6946.899999999977,6702.543996485377,RSI_EXIT,2024-10-03 13:05:00+05:30,2024-10-03 13:45:00+05:30
FEDERALBNK,SHORT,192.98,193.94489999999996,3632,-3504.516799999897,-3752.5546748642137,SL,2024-10-03 13:50:00+05:30,2024-10-03 15:00:00+05:30
SUNTV,LONG,758.5,758.8,918,275.39999999995825,29.9077884035583,EOD,2024-11-06 10:40:00+05:30,2024-11-06 15:15:00+05:30
MGL,LONG,1196.0,1184.04,582,-6960.720000000021,-7204.059629501301,SL,2024-11-25 10:35:00+05:30,2024-11-25 11:40:00+05:30
ASHOKLEY,LONG,116.35,117.7,5992,8089.200000000051,7841.16598176245,EOD,2024-11-25 11:45:00+05:30,2024-11-25 15:15:00+05:30
CUMMINSIND,SHORT,3397.6,3414.5879999999997,206,-3499.527999999965,-3747.2127844324928,SL,2024-12-19 12:20:00+05:30,2024-12-19 12:40:00+05:30
CUMMINSIND,SHORT,3388.0,3354.95,206,6808.3000000000375,6564.262593019837,EOD,2024-12-19 13:50:00+05:30,2024-12-19 15:15:00+05:30
APOLLOTYRE,SHORT,450.65,445.032,1585,8904.529999999992,8655.329205330772,TSL,2025-01-13 11:05:00+05:30,2025-01-13 14:45:00+05:30
SHRIRAMFIN,LONG,525.4,532.952,1442,10889.98400000003,10619.839922526045,TSL,2025-01-14 10:20:00+05:30,2025-01-14 11:30:00+05:30
ASHOKLEY,LONG,104.45,104.95,7254,3627.0,3358.9159212024,EOD,2025-01-14 11:35:00+05:30,2025-01-14 15:15:00+05:30
ESCORTS,LONG,3536.4,3545.0,234,2012.3999999999787,1720.1637656423786,RSI_EXIT,2025-01-16 11:00:00+05:30,2025-01-16 11:15:00+05:30
AUBANK,LONG,605.85,606.35,1366,683.0,391.11836926480004,RSI_EXIT,2025-01-16 11:20:00+05:30,2025-01-16 11:30:00+05:30
AUBANK,LONG,606.8,606.85,1363,68.15000000009297,-223.37141801860702,RSI_EXIT,2025-01-16 11:35:00+05:30,2025-01-16 11:45:00+05:30
AUBANK,LONG,606.35,607.7,1364,1841.400000000031,1549.373498890831,RSI_EXIT,2025-01-16 11:50:00+05:30,2025-01-16 12:00:00+05:30
AUBANK,LONG,607.9,601.821,1361,-8273.518999999933,-8562.75273560944,SL,2025-01-16 12:05:00+05:30,2025-01-16 14:35:00+05:30
BALKRISIND,LONG,2721.45,2729.8,304,2538.4000000001106,2246.0825733201104,RSI_EXIT,2025-01-16 14:40:00+05:30,2025-01-16 15:00:00+05:30
ASHOKLEY,LONG,100.2,101.9,8116,13797.200000000023,13506.628739346423,RSI_EXIT,2025-01-28 10:40:00+05:30,2025-01-28 11:20:00+05:30
ASHOKLEY,LONG,102.1,102.35,7965,1991.25,1704.0567460995,EOD,2025-01-28 11:25:00+05:30,2025-01-28 15:15:00+05:30
IDEA,SHORT,9.08,9.08,97941,0.0,-313.43707209456005,EOD,2025-02-03 14:25:00+05:30,2025-02-03 15:15:00+05:30
CUMMINSIND,LONG,2800.25,2772.2475,317,-8876.792500000018,-9187.116058210913,SL,2025-02-04 10:20:00+05:30,2025-02-04 10:35:00+05:30
RECLTD,LONG,421.1,427.7,2108,13912.799999999928,13595.953626489529,EOD,2025-02-04 10:40:00+05:30,2025-02-04 15:15:00+05:30
GODREJPROP,LONG,2007.0,1991.65,453,-6953.549999999959,-7271.998850489659,EMA50_DYN,2025-03-17 11:35:00+05:30,2025-03-17 12:35:00+05:30
VOLTAS,LONG,1441.85,1459.5,630,11119.500000000058,10796.162072787058,EOD,2025-03-17 12:40:00+05:30,2025-03-17 15:15:00+05:30
BATAINDIA,LONG,1226.6,1236.65,756,7597.8000000001375,7268.793188958138,EOD,2025-03-18 10:15:00+05:30,2025-03-18 15:15:00+05:30
PAGEIND,LONG,41573.0,42074.5,23,11534.5,11194.191325295,RSI_EXIT,2025-03-20 10:45:00+05:30,2025-03-20 12:15:00+05:30
BANKBARODA,LONG,217.09,215.96,4439,-5016.06999999998,-5354.279049322679,EMA50_DYN,2025-03-20 12:20:00+05:30,2025-03-20 13:05:00+05:30
MFSL,LONG,1129.1,1120.45,853,-7378.449999999883,-7715.792476649784,EMA50_DYN,2025-03-20 13:10:00+05:30,2025-03-20 15:05:00+05:30
LICHSGFIN,LONG,575.3,579.1296,1658,6349.476800000046,6011.473990828689,TSL,2025-03-24 10:40:00+05:30,2025-03-24 13:10:00+05:30
ASHOKLEY,LONG,106.75,106.45,8940,-2681.9999999999745,-3017.5931458079745,EMA50_DYN,2025-03-24 13:15:00+05:30,2025-03-24 15:00:00+05:30
BHARATFORG,LONG,1206.35,1194.2865,803,-9686.990499999982,-10025.637749027728,SL,2025-03-25 09:55:00+05:30,2025-03-25 10:10:00+05:30
BATAINDIA,LONG,1242.45,1239.0,780,-2691.0000000000355,-3031.7948760060353,EMA50_DYN,2025-03-25 10:50:00+05:30,2025-03-25 11:15:00+05:30
AUBANK,LONG,558.35,556.4,1736,-3385.200000000079,-3725.861240556079,EMA50_DYN,2025-03-25 12:05:00+05:30,2025-03-25 13:30:00+05:30
SUNTV,LONG,660.3,663.65,1468,4917.800000000034,4574.753484156434,EOD,2025-03-25 13:35:00+05:30,2025-03-25 15:15:00+05:30
BHARATFORG,SHORT,1113.05,1118.6152499999998,816,-4541.243999999901,-4862.657928162645,SL,2025-04-03 14:35:00+05:30,2025-04-03 15:05:00+05:30
BANKINDIA,SHORT,105.23,105.14448,8400,718.3680000000209,407.03001433518887,TSL,2025-04-07 11:50:00+05:30,2025-04-07 12:40:00+05:30
AUBANK,SHORT,539.0,541.6949999999999,1640,-4419.799999999896,-4732.618531594696,SL,2025-04-07 14:15:00+05:30,2025-04-07 14:30:00+05:30
BALKRISIND,LONG,2310.94,2311.75,373,302.12999999997965,-1.7632709416403713,EMA50_DYN,2025-04-08 11:10:00+05:30,2025-04-08 13:55:00+05:30
BHARATFORG,LONG,971.0,970.2,888,-710.3999999999596,-1014.0976971455596,EOD,2025-04-08 14:00:00+05:30,2025-04-08 15:15:00+05:30
ESCORTS,LONG,3186.0,3179.6,269,-1721.6000000000245,-2023.1705806864245,EMA50_DYN,2025-04-11 11:00:00+05:30,2025-04-11 13:15:00+05:30
APOLLOTYRE,LONG,423.75,427.5,2023,7586.25,7281.9404627025,EOD,2025-04-11 13:20:00+05:30,2025-04-11 15:15:00+05:30
IDFCFIRSTB,LONG,61.12,61.97,14456,12287.60000000002,11972.67375103698,EOD,2025-04-15 10:45:00+05:30,2025-04-15 15:15:00+05:30
GODREJPROP,LONG,2006.5,2046.6,470,18846.999999999956,18509.223877717955,RSI_EXIT,2025-04-21 10:00:00+05:30,2025-04-21 12:20:00+05:30
APOLLOTYRE,LONG,458.65,460.95,2056,4728.800000000023,4395.089756742423,EOD,2025-04-21 12:25:00+05:30,2025-04-21 15:15:00+05:30
MGL,SHORT,1337.1,1343.7854999999997,791,-5288.230499999858,-5662.51361230015,SL,2025-05-09 10:55:00+05:30,2025-05-09 11:05:00+05:30
TORNTPOWER,SHORT,1372.0,1378.86,771,-5289.059999999923,-5663.401821511483,SL,2025-05-09 13:10:00+05:30,2025-05-09 13:20:00+05:30
TVSMOTOR,SHORT,2644.0,2657.22,400,-5287.99999999992,-5662.26679828792,SL,2025-05-09 13:30:00+05:30,2025-05-09 13:45:00+05:30
CUMMINSIND,SHORT,2707.0,2720.535,390,-5278.649999999943,-5652.255036834843,SL,2025-05-09 13:50:00+05:30,2025-05-09 14:05:00+05:30
EXIDEIND,LONG,376.15,378.4,2511,5649.75,5315.2375221387,EOD,2025-05-12 11:10:00+05:30,2025-05-12 15:15:00+05:30
MFSL,LONG,1508.1,1503.5,644,-2962.3999999999414,-3303.8592467103413,EMA50_DYN,2025-06-09 09:25:00+05:30,2025-06-09 09:50:00+05:30
BHEL,LONG,258.65,256.95,3755,-6383.499999999957,-6723.985096627957,EMA50_DYN,2025-06-09 10:40:00+05:30,2025-06-09 11:45:00+05:30
BANKINDIA,LONG,129.2,128.8,7518,-3007.199999999829,-3348.684911543829,EMA50_DYN,2025-06-09 11:50:00+05:30,2025-06-09 14:15:00+05:30
APOLLOTYRE,LONG,475.05,472.65,2044,-4905.6000000000695,-5246.42755712887,EMA50_DYN,2025-06-09 14:20:00+05:30,2025-06-09 15:05:00+05:30
EXIDEIND,SHORT,385.15,384.85,2280,683.9999999998963,374.6928743998963,EOD,2025-06-13 12:30:00+05:30,2025-06-13 15:15:00+05:30
EXIDEIND,LONG,388.4,389.25,2265,1925.2500000000514,1614.6377552415513,RSI_EXIT,2025-06-24 10:55:00+05:30,2025-06-24 11:05:00+05:30
EXIDEIND,LONG,389.0,386.25,2262,-6220.5,-6528.848390103,EMA50_DYN,2025-06-24 11:10:00+05:30,2025-06-24 13:35:00+05:30
MFSL,LONG,1606.8,1620.0,547,7220.400000000025,6908.556362930425,RSI_EXIT,2025-06-24 13:40:00+05:30,2025-06-24 14:35:00+05:30
FEDERALBNK,LONG,209.05,209.25,4209,841.7999999999522,531.4395536177522,EOD,2025-06-24 14:40:00+05:30,2025-06-24 15:15:00+05:30
MGL,SHORT,1379.5,1359.2,647,13134.099999999971,12823.283046408571,EOD,2025-07-31 14:30:00+05:30,2025-07-31 15:15:00+05:30
MGL,LONG,1323.4,1321.3,723,-1518.3000000000986,-1855.0979112906987,EMA50_DYN,2025-08-18 10:30:00+05:30,2025-08-18 12:15:00+05:30
APOLLOTYRE,LONG,456.65,461.7,2095,10579.750000000024,10239.537404325523,RSI_EXIT,2025-08-18 12:20:00+05:30,2025-08-18 12:55:00+05:30
APOLLOTYRE,LONG,462.1,465.05,2070,6106.499999999976,5767.615257686976,RSI_EXIT,2025-08-18 13:00:00+05:30,2025-08-18 15:00:00+05:30
JINDALSTEL,LONG,1033.85,1027.6,993,-6206.25,-6566.3054325861,EMA50_DYN,2025-09-04 10:40:00+05:30,2025-09-04 11:50:00+05:30
BATAINDIA,LONG,1240.6,1228.194,828,-10272.167999999958,-10631.27245403559,SL,2025-09-04 11:55:00+05:30,2025-09-04 13:55:00+05:30
IDFCFIRSTB,LONG,72.0,72.17,14272,2426.2400000000243,2063.371511061784,EOD,2025-09-04 14:00:00+05:30,2025-09-04 15:15:00+05:30
EXIDEIND,LONG,331.05,334.4,2875,9631.249999999902,9293.040486362403,EOD,2026-01-22 11:15:00+05:30,2026-01-22 15:15:00+05:30
APOLLOTYRE,LONG,497.55,505.6,2006,16148.300000000023,15791.900776528622,EOD,2026-02-03 11:05:00+05:30,2026-02-03 15:15:00+05:30
FEDERALBNK,LONG,287.5,286.85,3747,-2435.5499999999147,-2814.5362049156147,EMA50_DYN,2026-02-09 09:40:00+05:30,2026-02-09 10:10:00+05:30
TVSMOTOR,LONG,3753.8,3762.8,287,2583.0,2202.5498290908,EMA50_DYN,2026-02-09 10:35:00+05:30,2026-02-09 14:05:00+05:30
ASHOKLEY,LONG,205.62,205.93,5239,1624.090000000012,1243.948629938312,EOD,2026-02-09 14:10:00+05:30,2026-02-09 15:15:00+05:30
BHEL,SHORT,257.9,259.18949999999995,4189,-5401.7154999998975,-5784.030697701801,SL,2026-03-11 11:55:00+05:30,2026-03-11 12:15:00+05:30
LICHSGFIN,SHORT,515.5,508.75,2096,14148.0,13771.229368872,RSI_EXIT,2026-03-11 12:20:00+05:30,2026-03-11 13:20:00+05:30
FEDERALBNK,SHORT,271.35,269.65,3981,6767.700000000181,6388.902810054181,EOD,2026-03-11 13:40:00+05:30,2026-03-11 15:15:00+05:30
ESCORTS,LONG,3086.6,3067.0,373,-7310.7999999999665,-7714.486080972767,EMA50_DYN,2026-03-17 10:05:00+05:30,2026-03-17 10:40:00+05:30
BHARATFORG,LONG,1722.8,1745.0,668,14829.600000000031,14419.742906769632,EOD,2026-03-17 10:45:00+05:30,2026-03-17 15:15:00+05:30
PFC,SHORT,418.55,413.1792,2833,15215.476400000089,14801.910748176355,TSL,2026-03-19 11:05:00+05:30,2026-03-19 15:15:00+05:30
EXIDEIND,SHORT,294.3,294.2856,4281,61.646400000099675,-382.3896308290138,TSL,2026-03-23 11:35:00+05:30,2026-03-23 13:50:00+05:30
CASTROLIND,SHORT,178.1,177.18,7074,6508.079999999912,6065.895767417192,EOD,2026-03-23 14:35:00+05:30,2026-03-23 15:15:00+05:30
CUMMINSIND,LONG,4621.4,4607.7,278,-3808.5999999999494,-4260.32230469475,EMA50_DYN,2026-03-24 11:55:00+05:30,2026-03-24 14:40:00+05:30
SRF,LONG,2471.1,2471.2,521,52.099999999952615,-401.67680785584736,EOD,2026-03-24 14:45:00+05:30,2026-03-24 15:15:00+05:30
MFSL,LONG,1616.4,1607.5,782,-6959.800000000071,-7403.315993094871,EMA50_DYN,2026-03-25 10:40:00+05:30,2026-03-25 12:50:00+05:30
APOLLOTYRE,LONG,417.1,418.95,3032,5609.199999999897,5161.867066186297,EOD,2026-03-25 12:55:00+05:30,2026-03-25 15:15:00+05:30
CUMMINSIND,SHORT,4549.7,4546.3824,275,912.3399999998355,471.6246477186755,TSL,2026-03-30 10:50:00+05:30,2026-03-30 12:20:00+05:30
BANKBARODA,SHORT,250.8,247.2,4999,17996.400000000114,17559.664624548113,EOD,2026-03-30 12:25:00+05:30,2026-03-30 15:15:00+05:30
GMRAIRPORT,LONG,89.03,88.1397,15095,-13439.078499999945,-13908.894895865404,SL,2026-04-01 10:45:00+05:30,2026-04-01 11:10:00+05:30
CONCOR,LONG,446.25,450.25,3011,12044.0,11566.977480301,RSI_EXIT,2026-04-01 11:20:00+05:30,2026-04-01 11:50:00+05:30
CONCOR,LONG,449.85,451.35,2987,4480.5,4005.6271247256,RSI_EXIT,2026-04-01 11:55:00+05:30,2026-04-01 12:05:00+05:30
CONCOR,LONG,450.05,446.95,2986,-9256.600000000068,-9727.592893892068,EMA50_DYN,2026-04-01 12:10:00+05:30,2026-04-01 14:25:00+05:30
SUNTV,LONG,587.4,581.526,2288,-13439.712000000054,-13909.550542375542,SL,2026-04-01 14:30:00+05:30,2026-04-01 14:50:00+05:30
BANKBARODA,SHORT,242.53,243.74264999999997,5088,-6169.963199999837,-6606.652377840001,SL,2026-04-02 12:25:00+05:30,2026-04-02 12:35:00+05:30
BATAINDIA,LONG,702.6,703.65,1709,1794.4499999999223,1370.7319689374222,EOD,2026-04-08 11:00:00+05:30,2026-04-08 15:15:00+05:30
BATAINDIA,LONG,714.45,712.6,1690,-3126.500000000038,-3551.1628844770385,EMA50_DYN,2026-04-10 11:00:00+05:30,2026-04-10 14:55:00+05:30
BHEL,LONG,285.62,284.62,4229,-4229.0,-4653.51173212096,EOD,2026-04-10 15:00:00+05:30,2026-04-10 15:15:00+05:30
CUMMINSIND,SHORT,5024.2,4992.8,232,7284.799999999916,6876.061972655915,EOD,2026-04-13 12:40:00+05:30,2026-04-13 15:15:00+05:30
SUNTV,LONG,630.05,626.4,1906,-6956.899999999957,-7378.159655576157,EMA50_DYN,2026-04-15 10:40:00+05:30,2026-04-15 14:05:00+05:30
BALKRISIND,LONG,2263.9,2279.7,530,8373.999999999854,7948.707619591854,RSI_EXIT,2026-04-15 14:10:00+05:30,2026-04-15 15:05:00+05:30
PAGEIND,LONG,36760.0,36655.0,32,-3360.0,-3773.63461728,EMA50_DYN,2026-04-16 10:50:00+05:30,2026-04-16 11:40:00+05:30
BHARATFORG,LONG,1851.7,1840.0,650,-7605.000000000029,-8027.036240730029,EMA50_DYN,2026-04-16 11:45:00+05:30,2026-04-16 12:45:00+05:30
COFORGE,LONG,1318.7,1310.2,913,-7760.5,-8182.6214701682,EMA50_DYN,2026-04-16 13:50:00+05:30,2026-04-16 14:30:00+05:30
BHARATFORG,LONG,1850.0,1856.0,650,3900.0,3475.0601886,EOD,2026-04-16 14:35:00+05:30,2026-04-16 15:15:00+05:30
GODREJPROP,LONG,1840.0,1827.3,609,-7734.3000000000275,-8127.029855368228,EMA50_DYN,2026-05-06 10:50:00+05:30,2026-05-06 12:25:00+05:30
BHEL,LONG,383.3,387.15,2926,11265.0999999999,10866.588099705701,EOD,2026-05-06 12:30:00+05:30,2026-05-06 15:15:00+05:30
SRF,LONG,2627.9,2610.0,432,-7732.800000000039,-8130.708791452839,EMA50_DYN,2026-05-21 10:20:00+05:30,2026-05-21 11:20:00+05:30
BALKRISIND,LONG,2214.0,2205.1,512,-4556.800000000047,-4955.024034099247,EMA50_DYN,2026-05-21 11:25:00+05:30,2026-05-21 15:20:00+05:30
COFORGE,LONG,1388.6,1402.7872,770,10924.144000000058,10544.167793615514,TSL,2026-05-25 10:05:00+05:30,2026-05-25 11:45:00+05:30
APOLLOTYRE,LONG,388.35,388.55,2754,550.7999999999687,173.6893287323686,EOD,2026-05-25 11:50:00+05:30,2026-05-25 15:15:00+05:30
SUNTV,SHORT,507.8,510.33899999999994,2212,-5616.267999999846,-6013.768499751614,SL,2026-06-02 10:55:00+05:30,2026-06-02 11:05:00+05:30
ASHOKLEY,SHORT,140.98,141.17,7755,-1473.4499999999823,-1859.2074760544824,EOD,2026-06-08 13:40:00+05:30,2026-06-08 15:15:00+05:30
RBLBANK,LONG,363.3,361.05,2984,-6714.0,-7094.1669804504,EMA50_DYN,2026-06-12 10:55:00+05:30,2026-06-12 12:50:00+05:30
ASHOKLEY,LONG,146.11,148.21,7419,15579.899999999958,15193.386152341878,RSI_EXIT,2026-06-12 12:55:00+05:30,2026-06-12 13:45:00+05:30
ASHOKLEY,LONG,148.36,149.1,7307,5407.179999999858,5023.550911390138,RSI_EXIT,2026-06-12 13:50:00+05:30,2026-06-12 14:00:00+05:30
ASHOKLEY,LONG,148.82,149.91,7284,7939.560000000025,7555.227803533705,RSI_EXIT,2026-06-12 14:05:00+05:30,2026-06-12 14:15:00+05:30
ASHOKLEY,LONG,149.7,150.7,7241,7241.0,6856.8773292136,RSI_EXIT,2026-06-12 14:20:00+05:30,2026-06-12 14:30:00+05:30
ASHOKLEY,LONG,151.02,151.58,7178,4019.680000000016,3636.4638962072163,RSI_EXIT,2026-06-12 14:35:00+05:30,2026-06-12 14:45:00+05:30
ASHOKLEY,LONG,151.59,152.43,7151,6006.840000000025,5623.0556374535045,RSI_EXIT,2026-06-12 14:50:00+05:30,2026-06-12 15:00:00+05:30
TORNTPOWER,LONG,1403.6,1402.8,903,-722.3999999999589,-1168.9087996991589,EMA50_DYN,2026-06-15 10:35:00+05:30,2026-06-15 13:25:00+05:30
BALKRISIND,LONG,2188.2,2184.2,579,-2316.0,-2761.8824356296,EOD,2026-06-15 13:30:00+05:30,2026-06-15 15:15:00+05:30
BANKINDIA,LONG,146.15,145.28,8541,-7430.670000000039,-7868.497402600419,EMA50_DYN,2026-07-03 10:25:00+05:30,2026-07-03 12:45:00+05:30
COFORGE,LONG,1491.5,1476.585,837,-12483.85499999997,-12920.27776236474,SL,2026-07-03 12:50:00+05:30,2026-07-03 13:35:00+05:30
LTF,LONG,327.95,327.3,3806,-2473.8999999999132,-2913.1146322189134,EOD,2026-07-03 13:50:00+05:30,2026-07-03 15:15:00+05:30
MANAPPURAM,SHORT,331.75,333.40874999999994,3405,-5648.043749999799,-6047.793230125186,SL,2026-07-13 13:25:00+05:30,2026-07-13 13:50:00+05:30
