sym,dir,entry,exit,qty,gross,net,reason,entry_t,exit_t,exit_date,year,month
SRF,LONG,2377.5,2403.323,210,5422.829999999972,5245.307372760391,TSL,2022-01-07 09:30:00+05:30,2022-01-07 10:10:00+05:30,2022-01-07,2022,2022-01
GLENMARK,LONG,516.6,515.1,967,-1450.5,-1626.1530011814,TIME_EXIT,2022-01-07 10:25:00+05:30,2022-01-07 12:10:00+05:30,2022-01-07,2022,2022-01
AUBANK,LONG,599.4,605.6565,834,5217.921000000061,5040.2368815247155,TSL,2022-01-07 12:15:00+05:30,2022-01-07 13:15:00+05:30,2022-01-07,2022,2022-01
APOLLOTYRE,LONG,230.15,231.8,2172,3583.8000000000125,3406.5884732796126,TIME_EXIT,2022-01-07 13:20:00+05:30,2022-01-07 15:05:00+05:30,2022-01-07,2022,2022-01
RECLTD,LONG,103.05,103.0,5437,-271.84999999998456,-469.24500051008454,TIME_EXIT,2022-01-28 10:50:00+05:30,2022-01-28 12:35:00+05:30,2022-01-28,2022,2022-01
CASTROLIND,LONG,125.15,125.2,4477,223.8499999999873,26.308288669287293,TIME_EXIT,2022-01-28 12:40:00+05:30,2022-01-28 14:25:00+05:30,2022-01-28,2022,2022-01
BATAINDIA,LONG,2074.95,2075.65,270,189.00000000007367,-8.510571611926366,EOD,2022-01-28 15:00:00+05:30,2022-01-28 15:15:00+05:30,2022-01-28,2022,2022-01
GMRAIRPORT,LONG,41.75,41.8,13367,668.349999999962,471.46502019586205,TIME_EXIT,2022-01-31 11:00:00+05:30,2022-01-31 12:45:00+05:30,2022-01-31,2022,2022-01
CANBK,LONG,47.23,47.58,11816,4135.600000000017,3937.723508899057,TIME_EXIT,2022-01-31 12:55:00+05:30,2022-01-31 14:40:00+05:30,2022-01-31,2022,2022-01
BALKRISIND,LONG,2349.1,2329.65,237,-4609.649999999957,-4804.5535617074565,EOD,2022-01-31 14:45:00+05:30,2022-01-31 15:15:00+05:30,2022-01-31,2022,2022-01
SHRIRAMFIN,SHORT,223.35,218.88299999999998,2489,11118.363000000032,10925.61090076427,PARTIAL_PROFIT,2022-03-02 12:10:00+05:30,2022-03-02 12:50:00+05:30,2022-03-02,2022,2022-03
ASHOKLEY,SHORT,56.0,56.279999999999994,9930,-2780.3999999999405,-2977.1873309303405,SL,2022-03-02 14:15:00+05:30,2022-03-02 14:40:00+05:30,2022-03-02,2022,2022-03
COFORGE,LONG,920.0,921.0,647,647.0,437.021283298,TIME_EXIT,2022-03-03 10:55:00+05:30,2022-03-03 12:40:00+05:30,2022-03-03,2022,2022-03
GODREJPROP,LONG,1556.0,1537.328,382,-7132.70400000001,-7340.157083848906,SL,2022-03-03 12:45:00+05:30,2022-03-03 13:25:00+05:30,2022-03-03,2022,2022-03
COFORGE,LONG,929.0,936.5,641,4807.5,4596.242679477,TIME_EXIT,2022-03-03 13:30:00+05:30,2022-03-03 15:15:00+05:30,2022-03-03,2022,2022-03
GODREJPROP,SHORT,1392.45,1377.9052499999998,419,6094.250250000105,5890.361203951561,TSL,2022-03-07 12:15:00+05:30,2022-03-07 13:45:00+05:30,2022-03-07,2022,2022-03
AUBANK,LONG,556.5,562.5,1102,6612.0,6393.961702812,TIME_EXIT,2022-03-09 10:25:00+05:30,2022-03-09 12:10:00+05:30,2022-03-09,2022,2022-03
ASHOKLEY,LONG,49.0,49.6505,12525,8147.512500000013,7928.871866387188,TSL,2022-03-09 12:15:00+05:30,2022-03-09 13:25:00+05:30,2022-03-09,2022,2022-03
APOLLOTYRE,LONG,176.7,178.55274999999997,3473,6434.600749999951,6216.466573812482,TSL,2022-03-09 13:30:00+05:30,2022-03-09 14:30:00+05:30,2022-03-09,2022,2022-03
APOLLOTYRE,LONG,178.5,176.358,3438,-7364.195999999986,-7578.38197635169,SL,2022-03-09 14:35:00+05:30,2022-03-09 15:00:00+05:30,2022-03-09,2022,2022-03
CONCOR,LONG,477.8,481.45,1420,5182.999999999967,4942.386267489967,TIME_EXIT,2022-03-10 10:35:00+05:30,2022-03-10 12:20:00+05:30,2022-03-10,2022,2022-03
BALKRISIND,LONG,1986.85,1963.0077999999999,341,-8130.190200000016,-8366.65494454403,SL,2022-03-10 12:25:00+05:30,2022-03-10 13:20:00+05:30,2022-03-10,2022,2022-03
JINDALSTEL,LONG,454.95,465.0,1491,14984.550000000017,14741.182108428318,TIME_EXIT,2022-03-10 13:25:00+05:30,2022-03-10 15:10:00+05:30,2022-03-10,2022,2022-03
SHRIRAMFIN,LONG,222.9,224.3,3298,4617.200000000019,4356.782442774419,TIME_EXIT,2022-03-16 10:40:00+05:30,2022-03-16 12:25:00+05:30,2022-03-16,2022,2022-03
ASHOKLEY,LONG,54.5,55.322,13488,11087.136000000037,10824.8765180193,TSL,2022-03-16 12:30:00+05:30,2022-03-16 14:05:00+05:30,2022-03-16,2022,2022-03
ASHOKLEY,LONG,55.35,55.3,13281,-664.0500000000566,-922.9485775389566,EOD,2022-03-16 14:10:00+05:30,2022-03-16 15:15:00+05:30,2022-03-16,2022,2022-03
CONCOR,LONG,495.15,495.1,1628,-81.39999999992597,-365.489738701926,TIME_EXIT,2022-03-17 10:10:00+05:30,2022-03-17 11:55:00+05:30,2022-03-17,2022,2022-03
APOLLOTYRE,LONG,193.3,193.35,4171,208.54999999992887,-75.67563297597118,TIME_EXIT,2022-03-17 12:00:00+05:30,2022-03-17 13:45:00+05:30,2022-03-17,2022,2022-03
IDFCFIRSTB,LONG,42.8,42.7,18842,-1884.199999999893,-2167.891237965893,EOD,2022-03-17 13:50:00+05:30,2022-03-17 15:15:00+05:30,2022-03-17,2022,2022-03
AUBANK,LONG,616.5,615.75,1286,-964.5,-1243.654577211,TIME_EXIT,2022-03-23 11:05:00+05:30,2022-03-23 12:50:00+05:30,2022-03-23,2022,2022-03
ESCORTS,LONG,1853.5,1854.8,428,556.3999999999805,276.64127715758053,TIME_EXIT,2022-03-23 12:55:00+05:30,2022-03-23 14:40:00+05:30,2022-03-23,2022,2022-03
JINDALSTEL,LONG,510.95,509.2,1552,-2716.0,-2994.7150724528,EOD,2022-03-23 14:45:00+05:30,2022-03-23 15:15:00+05:30,2022-03-23,2022,2022-03
GLENMARK,LONG,466.0,460.408,1660,-9282.719999999974,-9552.705813305254,SL,2022-03-25 10:00:00+05:30,2022-03-25 10:55:00+05:30,2022-03-25,2022,2022-03
TATAPOWER,LONG,242.45,242.1,3190,-1116.4999999999818,-1388.772268476982,TIME_EXIT,2022-03-25 11:00:00+05:30,2022-03-25 12:45:00+05:30,2022-03-25,2022,2022-03
BATAINDIA,LONG,1947.0,1939.85,397,-2838.550000000036,-3110.168478655736,TIME_EXIT,2022-03-25 12:50:00+05:30,2022-03-25 14:35:00+05:30,2022-03-25,2022,2022-03
GODREJPROP,LONG,1630.05,1621.0,474,-4289.699999999979,-4560.791993680179,EOD,2022-03-25 14:40:00+05:30,2022-03-25 15:15:00+05:30,2022-03-25,2022,2022-03
GMRAIRPORT,LONG,36.4,36.75,18695,6543.250000000026,6301.534270629526,TIME_EXIT,2022-03-29 10:30:00+05:30,2022-03-29 12:15:00+05:30,2022-03-29,2022,2022-03
GMRAIRPORT,LONG,36.7,36.75,18542,927.0999999999473,686.9940849625473,TIME_EXIT,2022-03-29 12:20:00+05:30,2022-03-29 14:05:00+05:30,2022-03-29,2022,2022-03
JINDALSTEL,LONG,537.0,536.55,1267,-570.1500000000576,-809.7877475541576,EOD,2022-03-29 14:10:00+05:30,2022-03-29 15:15:00+05:30,2022-03-29,2022,2022-03
GMRAIRPORT,LONG,37.45,37.000600000000006,18996,-8536.802399999946,-8785.093368486603,SL,2022-03-30 10:45:00+05:30,2022-03-30 11:20:00+05:30,2022-03-30,2022,2022-03
BHARATFORG,LONG,723.05,714.3734,983,-8529.097800000007,-8777.164681936903,SL,2022-03-30 11:25:00+05:30,2022-03-30 12:25:00+05:30,2022-03-30,2022,2022-03
BHEL,LONG,50.45,50.25,14101,-2820.2000000000403,-3070.12553457824,TIME_EXIT,2022-03-30 12:30:00+05:30,2022-03-30 14:15:00+05:30,2022-03-30,2022,2022-03
ZEEL,LONG,295.85,294.0,2404,-4447.400000000054,-4696.799148264454,EOD,2022-03-30 14:20:00+05:30,2022-03-30 15:15:00+05:30,2022-03-30,2022,2022-03
RECLTD,LONG,96.25,97.6,6075,8201.249999999965,7992.817296142465,TIME_EXIT,2022-04-04 10:45:00+05:30,2022-04-04 12:30:00+05:30,2022-04-04,2022,2022-04
ASHOKLEY,LONG,58.2,58.2,10047,0.0,-206.0911612008,TIME_EXIT,2022-04-04 12:35:00+05:30,2022-04-04 14:20:00+05:30,2022-04-04,2022,2022-04
ASHOKLEY,LONG,58.1,58.05,10064,-503.2000000000429,-709.141140593643,EOD,2022-04-04 14:25:00+05:30,2022-04-04 15:15:00+05:30,2022-04-04,2022,2022-04
GMRAIRPORT,LONG,39.65,39.4,15640,-3910.0,-4127.445505292,TIME_EXIT,2022-04-05 10:35:00+05:30,2022-04-05 12:20:00+05:30,2022-04-05,2022,2022-04
ASHOKLEY,LONG,59.2,58.9,10475,-3142.5000000000446,-3360.1630690350444,TIME_EXIT,2022-04-05 12:25:00+05:30,2022-04-05 14:10:00+05:30,2022-04-05,2022,2022-04
ESCORTS,LONG,1804.45,1850.45,343,15778.0,15555.3420962618,EOD,2022-04-05 14:15:00+05:30,2022-04-05 15:15:00+05:30,2022-04-05,2022,2022-04
PAGEIND,LONG,44730.0,44987.5,14,3605.0,3383.2556638300002,TIME_EXIT,2022-04-08 10:35:00+05:30,2022-04-08 12:20:00+05:30,2022-04-08,2022,2022-04
ASHOKLEY,LONG,61.7,62.4,10704,7492.799999999955,7257.883094793555,TIME_EXIT,2022-04-08 12:25:00+05:30,2022-04-08 14:10:00+05:30,2022-04-08,2022,2022-04
ASHOKLEY,LONG,62.3,62.1,10601,-2120.199999999955,-2352.367353154355,EOD,2022-04-08 14:15:00+05:30,2022-04-08 15:15:00+05:30,2022-04-08,2022,2022-04
BEL,LONG,85.75,86.3,8185,4501.749999999976,4253.088199689477,TIME_EXIT,2022-04-19 10:35:00+05:30,2022-04-19 12:20:00+05:30,2022-04-19,2022,2022-04
BEL,LONG,86.25,86.1,8138,-1220.7000000000462,-1467.737543851846,TIME_EXIT,2022-04-19 12:25:00+05:30,2022-04-19 14:10:00+05:30,2022-04-19,2022,2022-04
BHARATFORG,LONG,740.7,731.8116,947,-8417.314800000044,-8662.1304986449,SL,2022-04-19 14:15:00+05:30,2022-04-19 14:55:00+05:30,2022-04-19,2022,2022-04
LICHSGFIN,LONG,374.9,370.40119999999996,1872,-8421.753600000033,-8666.69840013972,SL,2022-04-19 15:00:00+05:30,2022-04-19 15:05:00+05:30,2022-04-19,2022,2022-04
ASHOKLEY,LONG,61.3,60.9,10264,-4105.599999999986,-4326.181747740786,TIME_EXIT,2022-04-20 10:15:00+05:30,2022-04-20 12:00:00+05:30,2022-04-20,2022,2022-04
LICHSGFIN,LONG,371.85,367.3878,1692,-7550.042399999993,-7769.633676894411,SL,2022-04-20 12:35:00+05:30,2022-04-20 13:55:00+05:30,2022-04-20,2022,2022-04
CUMMINSIND,LONG,1090.5,1105.19625,577,8479.73624999998,8255.539810250088,TSL,2022-04-20 14:00:00+05:30,2022-04-20 15:05:00+05:30,2022-04-20,2022,2022-04
CUMMINSIND,SHORT,999.3,998.5,610,487.99999999997226,273.2944552919722,EOD,2022-04-25 12:20:00+05:30,2022-04-25 15:15:00+05:30,2022-04-25,2022,2022-04
ESCORTS,LONG,1607.75,1607.4,380,-132.99999999996544,-348.29071908196545,TIME_EXIT,2022-04-26 10:45:00+05:30,2022-04-26 12:30:00+05:30,2022-04-26,2022,2022-04
APOLLOTYRE,LONG,199.7,202.3,3061,7958.6000000000695,7740.87458402807,TIME_EXIT,2022-04-26 12:35:00+05:30,2022-04-26 14:20:00+05:30,2022-04-26,2022,2022-04
APOLLOTYRE,LONG,202.15,204.3,3024,6501.600000000017,6284.284601515217,EOD,2022-04-26 14:25:00+05:30,2022-04-26 15:15:00+05:30,2022-04-26,2022,2022-04
AUBANK,LONG,693.9,700.25,979,6216.650000000022,5975.4400856359225,TIME_EXIT,2022-04-28 11:40:00+05:30,2022-04-28 13:25:00+05:30,2022-04-28,2022,2022-04
AUBANK,LONG,700.5,704.2,970,3589.000000000044,3348.486887666044,TIME_EXIT,2022-04-28 13:30:00+05:30,2022-04-28 15:15:00+05:30,2022-04-28,2022,2022-04
RBLBANK,LONG,122.15,120.6842,5946,-8715.64680000001,-8969.139417441833,SL,2022-05-04 11:05:00+05:30,2022-05-04 12:30:00+05:30,2022-05-04,2022,2022-05
CONCOR,LONG,520.5,514.254,1395,-8713.169999999973,-8966.590580273552,SL,2022-05-04 13:25:00+05:30,2022-05-04 14:40:00+05:30,2022-05-04,2022,2022-05
MFSL,LONG,732.5,731.0,869,-1303.5,-1527.477581619,TIME_EXIT,2022-05-05 10:30:00+05:30,2022-05-05 12:15:00+05:30,2022-05-05,2022,2022-05
BHEL,LONG,55.1,54.4388,11555,-7640.16600000001,-7862.378501432494,SL,2022-05-05 12:20:00+05:30,2022-05-05 13:45:00+05:30,2022-05-05,2022,2022-05
SRF,SHORT,2299.0,2310.495,256,-2942.719999999972,-3150.995792862692,SL,2022-05-06 11:20:00+05:30,2022-05-06 11:20:00+05:30,2022-05-06,2022,2022-05
GODREJPROP,SHORT,1422.0,1429.11,414,-2943.5399999999586,-3151.8738296959987,SL,2022-05-06 12:40:00+05:30,2022-05-06 12:45:00+05:30,2022-05-06,2022,2022-05
GODREJPROP,SHORT,1416.05,1423.1302499999997,416,-2945.3839999998963,-3153.8483417942803,SL,2022-05-06 13:10:00+05:30,2022-05-06 13:25:00+05:30,2022-05-06,2022,2022-05
BALKRISIND,LONG,1962.75,1939.197,276,-6500.628000000031,-6689.697296238102,SL,2022-05-11 11:40:00+05:30,2022-05-11 13:10:00+05:30,2022-05-11,2022,2022-05
GODREJPROP,LONG,1374.0,1390.811,394,6623.533999999969,6430.836167445284,TSL,2022-05-11 13:40:00+05:30,2022-05-11 14:30:00+05:30,2022-05-11,2022,2022-05
AUBANK,LONG,636.2,637.8,852,1363.1999999999225,1171.7658887519226,EOD,2022-05-11 14:35:00+05:30,2022-05-11 15:15:00+05:30,2022-05-11,2022,2022-05
SHRIRAMFIN,LONG,216.75,216.45,2523,-756.9000000000287,-949.4253443736287,TIME_EXIT,2022-05-13 10:40:00+05:30,2022-05-13 12:25:00+05:30,2022-05-13,2022,2022-05
APOLLOTYRE,LONG,206.2,203.7256,2652,-6562.108800000007,-6752.966251411419,SL,2022-05-13 12:30:00+05:30,2022-05-13 14:00:00+05:30,2022-05-13,2022,2022-05
BANKINDIA,LONG,43.2,42.6816,12663,-6564.499199999997,-6755.426175655178,SL,2022-05-13 14:05:00+05:30,2022-05-13 14:20:00+05:30,2022-05-13,2022,2022-05
RECLTD,LONG,86.5,86.25,5488,-1372.0,-1538.920491752,TIME_EXIT,2022-05-16 10:00:00+05:30,2022-05-16 11:45:00+05:30,2022-05-16,2022,2022-05
APOLLOTYRE,LONG,208.75,210.5,2274,3979.5,3811.052880363,TIME_EXIT,2022-05-16 11:50:00+05:30,2022-05-16 13:35:00+05:30,2022-05-16,2022,2022-05
APOLLOTYRE,LONG,210.6,210.3,2254,-676.1999999999616,-843.3127397435617,EOD,2022-05-16 13:40:00+05:30,2022-05-16 15:15:00+05:30,2022-05-16,2022,2022-05
SAIL,SHORT,80.6,80.50049999999999,5978,594.8110000000368,425.1604310597228,TSL,2022-05-19 11:55:00+05:30,2022-05-19 13:20:00+05:30,2022-05-19,2022,2022-05
IDFCFIRSTB,SHORT,35.05,35.0,13748,687.399999999961,517.761622887561,EOD,2022-05-19 14:15:00+05:30,2022-05-19 15:15:00+05:30,2022-05-19,2022,2022-05
BALKRISIND,LONG,2133.3,2107.7004,228,-5836.708800000002,-6006.468156351813,SL,2022-05-20 10:45:00+05:30,2022-05-20 11:55:00+05:30,2022-05-20,2022,2022-05
CANBK,LONG,35.18,35.38,13832,2766.400000000039,2594.1016012621194,TIME_EXIT,2022-05-20 12:00:00+05:30,2022-05-20 13:45:00+05:30,2022-05-20,2022,2022-05
SUNTV,LONG,426.35,432.72549999999995,1141,7274.445499999922,7100.907679024039,TSL,2022-05-20 13:50:00+05:30,2022-05-20 14:40:00+05:30,2022-05-20,2022,2022-05
AUBANK,LONG,655.1,654.7,742,-296.79999999998313,-468.0363965815832,EOD,2022-05-20 14:45:00+05:30,2022-05-20 15:15:00+05:30,2022-05-20,2022,2022-05
IDEA,LONG,9.2,9.2,54643,0.0,-177.1831186512,TIME_EXIT,2022-05-23 10:00:00+05:30,2022-05-23 11:45:00+05:30,2022-05-23,2022,2022-05
AUBANK,LONG,672.65,675.0,747,1755.450000000017,1577.851146731717,TIME_EXIT,2022-05-23 11:50:00+05:30,2022-05-23 13:35:00+05:30,2022-05-23,2022,2022-05
BANKINDIA,LONG,46.05,46.3,10916,2729.0,2551.0476834724,EOD,2022-05-23 13:40:00+05:30,2022-05-23 15:15:00+05:30,2022-05-23,2022,2022-05
BATAINDIA,LONG,1743.85,1750.1,299,1868.75,1684.4427125227,TIME_EXIT,2022-05-26 10:50:00+05:30,2022-05-26 12:35:00+05:30,2022-05-26,2022,2022-05
BHEL,LONG,49.3,49.99875,10597,7404.653750000042,7218.402107066595,TSL,2022-05-26 12:40:00+05:30,2022-05-26 13:50:00+05:30,2022-05-26,2022,2022-05
APOLLOTYRE,LONG,212.75,213.8,2455,2577.7500000000277,2392.926060763528,EOD,2022-05-26 13:55:00+05:30,2022-05-26 15:15:00+05:30,2022-05-26,2022,2022-05
AUBANK,LONG,663.65,661.5,872,-1874.7999999999802,-2078.2283427607804,TIME_EXIT,2022-05-27 10:30:00+05:30,2022-05-27 12:15:00+05:30,2022-05-27,2022,2022-05
BATAINDIA,LONG,1805.8,1813.55,320,2480.0,2275.623656608,TIME_EXIT,2022-05-27 12:20:00+05:30,2022-05-27 14:05:00+05:30,2022-05-27,2022,2022-05
ASHOKLEY,LONG,67.7,67.75,8551,427.5499999999757,223.39220965327564,EOD,2022-05-27 14:10:00+05:30,2022-05-27 15:15:00+05:30,2022-05-27,2022,2022-05
TORNTPOWER,LONG,437.55,436.75,1327,-1061.6000000000151,-1265.9399419186152,TIME_EXIT,2022-05-30 10:20:00+05:30,2022-05-30 12:05:00+05:30,2022-05-30,2022,2022-05
BATAINDIA,LONG,1868.0,1868.0,311,0.0,-204.756284496,TIME_EXIT,2022-05-30 12:10:00+05:30,2022-05-30 13:55:00+05:30,2022-05-30,2022,2022-05
BANKINDIA,LONG,48.7,48.45,11931,-2982.75,-3186.6848637429002,EOD,2022-05-30 14:00:00+05:30,2022-05-30 15:15:00+05:30,2022-05-30,2022,2022-05
BATAINDIA,LONG,1858.9,1851.35,300,-2265.0000000000546,-2460.9036049500546,TIME_EXIT,2022-06-03 11:55:00+05:30,2022-06-03 13:40:00+05:30,2022-06-03,2022,2022-06
MFSL,LONG,810.95,801.2186,687,-6685.471800000006,-6879.917236386379,SL,2022-06-03 14:15:00+05:30,2022-06-03 15:05:00+05:30,2022-06-03,2022,2022-06
TATAPOWER,SHORT,221.15,220.24575,2310,2088.8175000000438,1909.3629787397988,TSL,2022-06-13 12:50:00+05:30,2022-06-13 14:30:00+05:30,2022-06-13,2022,2022-06
SUNTV,LONG,418.0,417.6,1245,-497.9999999999717,-681.2770047719716,TIME_EXIT,2022-06-16 10:50:00+05:30,2022-06-16 12:35:00+05:30,2022-06-16,2022,2022-06
ESCORTS,LONG,1501.05,1500.0,344,-361.19999999998436,-543.0891528311844,TIME_EXIT,2022-06-21 10:35:00+05:30,2022-06-21 12:20:00+05:30,2022-06-21,2022,2022-06
BANKBARODA,LONG,87.7,88.90325,5897,7095.565249999982,6911.257806501936,TSL,2022-06-21 12:25:00+05:30,2022-06-21 13:35:00+05:30,2022-06-21,2022,2022-06
APOLLOTYRE,LONG,179.0,179.6,2889,1733.3999999999835,1550.6400006395836,EOD,2022-06-21 13:40:00+05:30,2022-06-21 15:15:00+05:30,2022-06-21,2022,2022-06
MANAPPURAM,LONG,86.05,86.65,6470,3882.000000000055,3684.663510606055,TIME_EXIT,2022-06-24 10:55:00+05:30,2022-06-24 12:40:00+05:30,2022-06-24,2022,2022-06
ASHOKLEY,LONG,68.55,67.7274,8122,-6681.157199999953,-6875.477147220426,SL,2022-06-24 12:45:00+05:30,2022-06-24 14:20:00+05:30,2022-06-24,2022,2022-06
BANKINDIA,LONG,45.3,45.75,12291,5530.950000000035,5333.127863105736,EOD,2022-06-24 14:25:00+05:30,2022-06-24 15:15:00+05:30,2022-06-24,2022,2022-06
PFC,LONG,83.3,83.4,6812,681.200000000058,481.00980094965803,TIME_EXIT,2022-06-27 11:00:00+05:30,2022-06-27 12:45:00+05:30,2022-06-27,2022,2022-06
AUBANK,LONG,628.1,625.95,903,-1941.4499999999794,-2140.7960229158793,TIME_EXIT,2022-06-27 12:50:00+05:30,2022-06-27 14:35:00+05:30,2022-06-27,2022,2022-06
GMRAIRPORT,LONG,35.1,34.9,16168,-3233.600000000046,-3432.689841760046,EOD,2022-06-27 14:40:00+05:30,2022-06-27 15:15:00+05:30,2022-06-27,2022,2022-06
BEL,LONG,79.0,78.6,6861,-2744.400000000039,-2934.6501619536393,TIME_EXIT,2022-07-07 10:50:00+05:30,2022-07-07 12:35:00+05:30,2022-07-07,2022,2022-07
APOLLOTYRE,LONG,200.7,198.2916,2700,-6502.680000000001,-6691.808978194321,SL,2022-07-07 12:40:00+05:30,2022-07-07 14:05:00+05:30,2022-07-07,2022,2022-07
CUMMINSIND,LONG,1121.4,1129.55,483,3936.4499999999343,3744.4225236998345,EOD,2022-07-07 14:30:00+05:30,2022-07-07 15:15:00+05:30,2022-07-07,2022,2022-07
COFORGE,LONG,729.0,720.252,703,-6149.844000000034,-6328.7108228752895,SL,2022-07-08 10:20:00+05:30,2022-07-08 11:05:00+05:30,2022-07-08,2022,2022-07
BATAINDIA,LONG,1795.25,1798.15,285,826.5000000000259,645.9326901060259,TIME_EXIT,2022-07-08 11:15:00+05:30,2022-07-08 13:00:00+05:30,2022-07-08,2022,2022-07
APOLLOTYRE,LONG,204.0,203.2,2512,-2009.6000000000286,-2189.6381227264287,TIME_EXIT,2022-07-08 13:05:00+05:30,2022-07-08 14:50:00+05:30,2022-07-08,2022,2022-07
SRF,LONG,2174.0,2180.0,235,1410.0,1229.53221906,EOD,2022-07-08 14:55:00+05:30,2022-07-08 15:15:00+05:30,2022-07-08,2022,2022-07
VOLTAS,LONG,978.95,980.4,489,709.0499999999666,540.1259704940667,TIME_EXIT,2022-07-13 11:05:00+05:30,2022-07-13 12:50:00+05:30,2022-07-13,2022,2022-07
ESCORTS,LONG,1615.4,1611.4,296,-1184.0,-1352.1889928128,TIME_EXIT,2022-07-13 12:55:00+05:30,2022-07-13 14:40:00+05:30,2022-07-13,2022,2022-07
JINDALSTEL,LONG,355.35,356.6,1349,1686.25,1516.8134406557,EOD,2022-07-13 14:45:00+05:30,2022-07-13 15:15:00+05:30,2022-07-13,2022,2022-07
LTF,LONG,70.75,71.05,6826,2047.7999999999806,1877.0008737431806,TIME_EXIT,2022-07-18 10:50:00+05:30,2022-07-18 12:35:00+05:30,2022-07-18,2022,2022-07
AUBANK,LONG,561.05,559.9,860,-988.9999999999804,-1158.7760698419804,TIME_EXIT,2022-07-18 12:40:00+05:30,2022-07-18 14:25:00+05:30,2022-07-18,2022,2022-07
BANKBARODA,LONG,99.65,100.45,4846,3876.799999999986,3705.489913680386,EOD,2022-07-18 14:30:00+05:30,2022-07-18 15:15:00+05:30,2022-07-18,2022,2022-07
MFSL,LONG,838.0,837.05,602,-571.9000000000274,-749.5398825026274,TIME_EXIT,2022-07-20 10:55:00+05:30,2022-07-20 12:40:00+05:30,2022-07-20,2022,2022-07
BATAINDIA,LONG,1861.2,1838.8656,271,-6052.622399999989,-6228.661554611327,SL,2022-07-20 12:45:00+05:30,2022-07-20 13:10:00+05:30,2022-07-20,2022,2022-07
COFORGE,LONG,697.5,701.0,724,2534.0,2355.289967836,TIME_EXIT,2022-07-20 13:15:00+05:30,2022-07-20 15:00:00+05:30,2022-07-20,2022,2022-07
AUBANK,LONG,585.4,585.2,823,-164.59999999994386,-334.35869205874394,TIME_EXIT,2022-07-28 10:05:00+05:30,2022-07-28 11:50:00+05:30,2022-07-28,2022,2022-07
APOLLOTYRE,LONG,215.15,217.9,2240,6160.0,5988.3775407680005,TIME_EXIT,2022-07-28 11:55:00+05:30,2022-07-28 13:40:00+05:30,2022-07-28,2022,2022-07
APOLLOTYRE,LONG,217.6,218.3,2214,1549.8000000000377,1379.5568757324377,EOD,2022-07-28 13:45:00+05:30,2022-07-28 15:15:00+05:30,2022-07-28,2022,2022-07
IDEA,LONG,8.85,8.75,58431,-5843.099999999979,-6023.685539745579,TIME_EXIT,2022-07-29 10:15:00+05:30,2022-07-29 12:00:00+05:30,2022-07-29,2022,2022-07
BATAINDIA,LONG,1943.55,1970.65,266,7208.600000000037,7024.324560752837,TIME_EXIT,2022-07-29 12:05:00+05:30,2022-07-29 13:50:00+05:30,2022-07-29,2022,2022-07
BATAINDIA,LONG,1966.9,1966.0,262,-235.80000000002383,-417.36082167482385,EOD,2022-07-29 13:55:00+05:30,2022-07-29 15:15:00+05:30,2022-07-29,2022,2022-07
LTF,LONG,75.6,75.95,6878,2407.300000000059,2223.3441050366587,TIME_EXIT,2022-08-01 10:15:00+05:30,2022-08-01 12:00:00+05:30,2022-08-01,2022,2022-08
BHEL,LONG,54.25,54.7,9585,4313.250000000027,4128.745241920527,TIME_EXIT,2022-08-01 12:05:00+05:30,2022-08-01 13:50:00+05:30,2022-08-01,2022,2022-08
MGL,LONG,778.05,780.95,668,1937.2000000000608,1753.4630368880607,EOD,2022-08-01 13:55:00+05:30,2022-08-01 15:15:00+05:30,2022-08-01,2022,2022-08
CASTROLIND,LONG,114.65,114.2,4889,-2200.050000000014,-2396.9780404689136,TIME_EXIT,2022-08-11 09:55:00+05:30,2022-08-11 11:40:00+05:30,2022-08-11,2022,2022-08
BALKRISIND,LONG,2183.2,2176.2,256,-1792.0,-1988.4722238464,TIME_EXIT,2022-08-11 11:45:00+05:30,2022-08-11 13:30:00+05:30,2022-08-11,2022,2022-08
CUMMINSIND,LONG,1237.05,1237.0,453,-22.6499999999794,-220.1518551908794,TIME_EXIT,2022-08-11 13:35:00+05:30,2022-08-11 15:20:00+05:30,2022-08-11,2022,2022-08
IDFCFIRSTB,LONG,49.85,50.0,10783,1617.4499999999846,1427.5326214436845,TIME_EXIT,2022-08-25 10:55:00+05:30,2022-08-25 12:40:00+05:30,2022-08-25,2022,2022-08
BANKBARODA,LONG,119.6,119.5,4494,-449.39999999997445,-638.7081168803744,TIME_EXIT,2022-08-25 12:45:00+05:30,2022-08-25 14:30:00+05:30,2022-08-25,2022,2022-08
GMRAIRPORT,LONG,34.9,34.4812,15402,-6450.35759999996,-6637.964793015142,SL,2022-08-25 14:35:00+05:30,2022-08-25 15:10:00+05:30,2022-08-25,2022,2022-08
BANKBARODA,LONG,120.9,120.8,4204,-420.40000000003585,-599.4181929368358,TIME_EXIT,2022-08-26 11:15:00+05:30,2022-08-26 13:00:00+05:30,2022-08-26,2022,2022-08
ESCORTS,LONG,1848.45,1830.0,274,-5055.300000000012,-5232.361274137812,TIME_EXIT,2022-08-26 13:05:00+05:30,2022-08-26 14:50:00+05:30,2022-08-26,2022,2022-08
JINDALSTEL,LONG,418.9,419.3,1213,485.20000000004137,305.97120392844135,EOD,2022-08-26 15:00:00+05:30,2022-08-26 15:15:00+05:30,2022-08-26,2022,2022-08
CUMMINSIND,SHORT,1185.0,1183.65,405,546.7499999999632,377.7559679654631,EOD,2022-08-29 13:35:00+05:30,2022-08-29 15:15:00+05:30,2022-08-29,2022,2022-08
PAGEIND,LONG,51143.65,51175.45,9,286.1999999999607,123.88694655056071,TIME_EXIT,2022-08-30 10:55:00+05:30,2022-08-30 12:40:00+05:30,2022-08-30,2022,2022-08
BANKBARODA,LONG,122.25,122.75,3947,1973.5,1802.86972961,TIME_EXIT,2022-08-30 12:45:00+05:30,2022-08-30 14:30:00+05:30,2022-08-30,2022,2022-08
APOLLOTYRE,LONG,252.4,251.75,1911,-1242.1500000000108,-1411.7948932269107,EOD,2022-08-30 14:35:00+05:30,2022-08-30 15:15:00+05:30,2022-08-30,2022,2022-08
ZEEL,SHORT,249.9,244.90200000000002,1941,9701.117999999982,9532.93579013385,PARTIAL_PROFIT,2022-09-01 11:25:00+05:30,2022-09-01 12:30:00+05:30,2022-09-01,2022,2022-09
CONCOR,LONG,588.65,581.5862,905,-6392.739000000013,-6578.670369055999,SL,2022-09-08 11:00:00+05:30,2022-09-08 12:15:00+05:30,2022-09-08,2022,2022-09
BANKBARODA,LONG,130.9,131.8,4070,3663.000000000023,3474.178169286023,TIME_EXIT,2022-09-08 12:20:00+05:30,2022-09-08 14:05:00+05:30,2022-09-08,2022,2022-09
APOLLOTYRE,LONG,279.15,277.8,1908,-2575.7999999999347,-2762.7850888955345,EOD,2022-09-08 14:10:00+05:30,2022-09-08 15:15:00+05:30,2022-09-08,2022,2022-09
GODREJPROP,LONG,1433.45,1433.9,351,157.95000000001596,-19.428243506084073,TIME_EXIT,2022-09-09 09:30:00+05:30,2022-09-09 11:15:00+05:30,2022-09-09,2022,2022-09
BHARATFORG,LONG,781.6,789.95,644,5377.400000000014,5198.453993126815,TIME_EXIT,2022-09-09 11:20:00+05:30,2022-09-09 13:05:00+05:30,2022-09-09,2022,2022-09
BHARATFORG,LONG,787.5,786.5,639,-639.0,-816.175353636,TIME_EXIT,2022-09-09 13:10:00+05:30,2022-09-09 14:55:00+05:30,2022-09-09,2022,2022-09
COFORGE,LONG,717.5,714.0,701,-2453.5,-2630.069645819,EOD,2022-09-09 15:00:00+05:30,2022-09-09 15:15:00+05:30,2022-09-09,2022,2022-09
GODREJPROP,LONG,1335.1,1327.45,383,-2929.949999999948,-3109.3353409028477,TIME_EXIT,2022-09-20 10:40:00+05:30,2022-09-20 12:25:00+05:30,2022-09-20,2022,2022-09
AUBANK,LONG,672.5,665.45,761,-5365.049999999966,-5543.889624368666,TIME_EXIT,2022-09-20 12:30:00+05:30,2022-09-20 14:15:00+05:30,2022-09-20,2022,2022-09
CASTROLIND,LONG,114.9,115.0,4457,445.6999999999747,265.07848206817465,EOD,2022-09-20 14:20:00+05:30,2022-09-20 15:15:00+05:30,2022-09-20,2022,2022-09
FEDERALBNK,LONG,113.45,114.5,4144,4351.199999999988,4184.253917995188,TIME_EXIT,2022-09-27 10:50:00+05:30,2022-09-27 12:35:00+05:30,2022-09-27,2022,2022-09
COFORGE,LONG,690.0,690.5,681,340.5,174.788869767,TIME_EXIT,2022-09-27 12:40:00+05:30,2022-09-27 14:25:00+05:30,2022-09-27,2022,2022-09
ESCORTS,LONG,2022.6,2031.05,232,1960.4000000000106,1794.4531782232107,EOD,2022-09-27 14:30:00+05:30,2022-09-27 15:15:00+05:30,2022-09-27,2022,2022-09
AUBANK,LONG,605.0,597.74,828,-6011.2799999999925,-6186.116720250712,SL,2022-09-29 10:50:00+05:30,2022-09-29 11:15:00+05:30,2022-09-29,2022,2022-09
MGL,LONG,882.8,872.2063999999999,567,-6006.571200000021,-6181.27096586693,SL,2022-09-29 11:20:00+05:30,2022-09-29 12:35:00+05:30,2022-09-29,2022,2022-09
ESCORTS,LONG,2113.5,2088.138,237,-6010.794000000019,-6185.616585050575,SL,2022-09-29 12:40:00+05:30,2022-09-29 13:05:00+05:30,2022-09-29,2022,2022-09
GLENMARK,LONG,389.95,387.5,1284,-3145.7999999999856,-3321.3708263507856,EOD,2022-09-29 13:45:00+05:30,2022-09-29 15:15:00+05:30,2022-09-29,2022,2022-09
BHARATFORG,LONG,703.65,711.15,556,4170.0,4030.9168530912,TIME_EXIT,2022-10-04 11:00:00+05:30,2022-10-04 12:45:00+05:30,2022-10-04,2022,2022-10
APOLLOTYRE,LONG,272.1,272.55,1439,647.5499999999836,509.3614040948836,TIME_EXIT,2022-10-04 12:50:00+05:30,2022-10-04 14:35:00+05:30,2022-10-04,2022,2022-10
BANKBARODA,LONG,125.05,126.35,3131,4070.299999999991,3931.138896451591,EOD,2022-10-04 14:40:00+05:30,2022-10-04 15:15:00+05:30,2022-10-04,2022,2022-10
IDFCFIRSTB,LONG,54.45,54.5,7969,398.44999999997736,245.40278340367735,TIME_EXIT,2022-10-06 10:45:00+05:30,2022-10-06 12:30:00+05:30,2022-10-06,2022,2022-10
JINDALSTEL,LONG,452.1,451.7,959,-383.6000000000327,-536.3006673892328,TIME_EXIT,2022-10-06 12:35:00+05:30,2022-10-06 14:20:00+05:30,2022-10-06,2022,2022-10
BEL,LONG,104.1,104.7,4168,2500.8000000000357,2347.1592306816356,EOD,2022-10-06 14:25:00+05:30,2022-10-06 15:15:00+05:30,2022-10-06,2022,2022-10
SHRIRAMFIN,LONG,240.55,242.4,1846,3415.0999999999894,3257.6143309917893,TIME_EXIT,2022-10-14 11:00:00+05:30,2022-10-14 12:45:00+05:30,2022-10-14,2022,2022-10
AUBANK,LONG,595.15,602.0247499999999,746,5128.563499999962,4970.613263164811,TSL,2022-10-14 12:50:00+05:30,2022-10-14 13:50:00+05:30,2022-10-14,2022,2022-10
AUBANK,LONG,601.6,601.6,738,0.0,-156.4819209216,EOD,2022-10-14 13:55:00+05:30,2022-10-14 15:15:00+05:30,2022-10-14,2022,2022-10
EXIDEIND,LONG,164.8,164.3,2940,-1470.0,-1640.346471204,TIME_EXIT,2022-10-27 10:30:00+05:30,2022-10-27 12:15:00+05:30,2022-10-27,2022,2022-10
BANKINDIA,LONG,57.25,56.8,8464,-3808.800000000024,-3978.495373339224,TIME_EXIT,2022-10-27 12:20:00+05:30,2022-10-27 14:05:00+05:30,2022-10-27,2022,2022-10
BALKRISIND,LONG,1941.65,1943.75,249,522.8999999999774,352.35006440037733,EOD,2022-10-27 14:10:00+05:30,2022-10-27 15:15:00+05:30,2022-10-27,2022,2022-10
JINDALSTEL,LONG,492.85,500.8,929,7385.549999999989,7222.063219107889,TIME_EXIT,2022-11-11 10:45:00+05:30,2022-11-11 12:30:00+05:30,2022-11-11,2022,2022-11
COFORGE,LONG,779.5,776.5,587,-1761.0,-1921.766184072,TIME_EXIT,2022-11-11 12:35:00+05:30,2022-11-11 14:20:00+05:30,2022-11-11,2022,2022-11
COFORGE,LONG,779.0,779.5,588,294.0,132.474506052,EOD,2022-11-11 14:45:00+05:30,2022-11-11 15:15:00+05:30,2022-11-11,2022,2022-11
MFSL,LONG,697.8,694.9,695,-2015.499999999984,-2185.852110388984,TIME_EXIT,2022-12-22 12:25:00+05:30,2022-12-22 14:10:00+05:30,2022-12-22,2022,2022-12
BANKBARODA,LONG,170.85,168.7998,2841,-5824.618199999971,-5994.025903983257,SL,2022-12-22 14:15:00+05:30,2022-12-22 14:45:00+05:30,2022-12-22,2022,2022-12
BATAINDIA,LONG,1646.85,1645.5,294,-396.89999999997326,-567.4344563033733,EOD,2022-12-22 15:00:00+05:30,2022-12-22 15:15:00+05:30,2022-12-22,2022,2022-12
BANKBARODA,LONG,177.55,179.1,2487,3854.8499999999576,3698.1155222876578,TIME_EXIT,2023-01-09 10:30:00+05:30,2023-01-09 12:15:00+05:30,2023-01-09,2023,2023-01
ASHOKLEY,LONG,72.6,73.1,6083,3041.5,2884.9775471594,TIME_EXIT,2023-01-09 12:20:00+05:30,2023-01-09 14:05:00+05:30,2023-01-09,2023,2023-01
ASHOKLEY,LONG,73.1,73.2,6041,604.1000000000515,448.2853097842515,EOD,2023-01-09 14:10:00+05:30,2023-01-09 15:15:00+05:30,2023-01-09,2023,2023-01
APOLLOTYRE,LONG,327.8,334.4,1454,9596.39999999995,9425.66716563115,TIME_EXIT,2023-02-01 10:50:00+05:30,2023-02-01 12:35:00+05:30,2023-02-01,2023,2023-02
APOLLOTYRE,LONG,334.3,330.2884,1426,-5720.541599999981,-5886.92225959358,SL,2023-02-01 12:40:00+05:30,2023-02-01 14:15:00+05:30,2023-02-01,2023,2023-02
ASHOKLEY,SHORT,64.95,64.62149999999998,7613,2500.8705000001487,2327.311365073682,TSL,2023-03-27 12:40:00+05:30,2023-03-27 13:35:00+05:30,2023-03-27,2023,2023-03
APOLLOTYRE,LONG,321.6,322.1,1573,786.5,607.9775933374,TIME_EXIT,2023-04-03 10:35:00+05:30,2023-04-03 12:20:00+05:30,2023-04-03,2023,2023-04
BALKRISIND,LONG,1960.3,1944.0,258,-4205.399999999989,-4382.451512324389,TIME_EXIT,2023-04-03 12:25:00+05:30,2023-04-03 14:10:00+05:30,2023-04-03,2023,2023-04
GMRAIRPORT,LONG,43.5,43.45,11635,-581.7499999999669,-759.9673753944669,EOD,2023-04-03 14:15:00+05:30,2023-04-03 15:15:00+05:30,2023-04-03,2023,2023-04
BHEL,LONG,80.1,82.9035,4526,12688.640999999998,12557.233841105932,PARTIAL_PROFIT,2023-05-29 10:25:00+05:30,2023-05-29 11:55:00+05:30,2023-05-29,2023,2023-05
BHEL,LONG,80.1,83.25,1509,4753.350000000009,4709.388277196109,TIME_EXIT,2023-05-29 10:25:00+05:30,2023-05-29 12:10:00+05:30,2023-05-29,2023,2023-05
BHARATFORG,LONG,783.5,783.4,617,-61.70000000001403,-232.06450946981403,TIME_EXIT,2023-05-29 12:15:00+05:30,2023-05-29 14:00:00+05:30,2023-05-29,2023,2023-05
GODREJPROP,LONG,1378.5,1377.7,350,-279.9999999999841,-449.9691354199841,EOD,2023-05-29 14:05:00+05:30,2023-05-29 15:15:00+05:30,2023-05-29,2023,2023-05
SRF,LONG,2329.3,2324.4,243,-1190.700000000022,-1389.854036496622,TIME_EXIT,2023-08-24 10:05:00+05:30,2023-08-24 11:50:00+05:30,2023-08-24,2023,2023-08
AUBANK,LONG,741.5,740.55,763,-724.8500000000347,-924.0473586379347,TIME_EXIT,2023-08-24 11:55:00+05:30,2023-08-24 13:40:00+05:30,2023-08-24,2023,2023-08
GMRAIRPORT,LONG,66.3,65.50439999999999,8543,-6796.810800000063,-6994.494506038822,SL,2023-08-24 13:45:00+05:30,2023-08-24 14:20:00+05:30,2023-08-24,2023,2023-08
BEL,LONG,134.65,134.25,4206,-1682.400000000024,-1881.525378908424,EOD,2023-08-24 14:25:00+05:30,2023-08-24 15:15:00+05:30,2023-08-24,2023,2023-08
PFC,LONG,208.7,208.55,2445,-366.7499999999444,-546.4912373324444,TIME_EXIT,2023-09-04 10:25:00+05:30,2023-09-04 12:10:00+05:30,2023-09-04,2023,2023-09
CUMMINSIND,LONG,1730.75,1742.6,294,3483.8999999999733,3303.5609653325732,TIME_EXIT,2023-09-04 12:15:00+05:30,2023-09-04 14:00:00+05:30,2023-09-04,2023,2023-09
BALKRISIND,LONG,2380.25,2380.75,214,107.0,-72.56033500400002,EOD,2023-09-04 14:05:00+05:30,2023-09-04 15:15:00+05:30,2023-09-04,2023,2023-09
IDEA,LONG,10.7,11.074499999999999,36720,13751.639999999978,13609.224122481337,PARTIAL_PROFIT,2023-09-11 10:30:00+05:30,2023-09-11 11:15:00+05:30,2023-09-11,2023,2023-09
IDEA,LONG,10.7,11.0445,12240,4216.68,4169.31314301432,TSL,2023-09-11 10:30:00+05:30,2023-09-11 11:20:00+05:30,2023-09-11,2023,2023-09
BALKRISIND,LONG,2432.0,2426.55,215,-1171.749999999961,-1355.704716444461,TIME_EXIT,2023-09-11 11:25:00+05:30,2023-09-11 13:10:00+05:30,2023-09-11,2023,2023-09
BHARATFORG,LONG,1114.6,1115.3,470,329.0000000000214,144.26962202202137,TIME_EXIT,2023-09-11 13:15:00+05:30,2023-09-11 15:00:00+05:30,2023-09-11,2023,2023-09
TORNTPOWER,LONG,725.0,716.3,836,-7273.200000000038,-7484.739378256838,SL,2023-09-12 11:05:00+05:30,2023-09-12 12:15:00+05:30,2023-09-12,2023,2023-09
GLENMARK,LONG,813.35,815.0,745,1229.2499999999832,1015.3313652104832,TIME_EXIT,2023-09-12 13:20:00+05:30,2023-09-12 15:05:00+05:30,2023-09-12,2023,2023-09
UNIONBANK,SHORT,96.95,95.6,5924,7997.400000000051,7797.264672238851,EOD,2023-10-09 14:05:00+05:30,2023-10-09 15:15:00+05:30,2023-10-09,2023,2023-10
CASTROLIND,LONG,137.1,137.3,4473,894.6000000000763,678.2033523888763,TIME_EXIT,2023-10-10 10:40:00+05:30,2023-10-10 12:25:00+05:30,2023-10-10,2023,2023-10
BATAINDIA,LONG,1639.9,1643.9,374,1496.0,1279.4050288888,TIME_EXIT,2023-10-10 12:30:00+05:30,2023-10-10 14:15:00+05:30,2023-10-10,2023,2023-10
BATAINDIA,LONG,1644.15,1645.85,373,634.0999999999322,417.7709885799321,EOD,2023-10-10 14:20:00+05:30,2023-10-10 15:15:00+05:30,2023-10-10,2023,2023-10
BEL,LONG,138.25,138.5,4522,1130.5,909.835238249,TIME_EXIT,2023-10-17 11:00:00+05:30,2023-10-17 12:45:00+05:30,2023-10-17,2023,2023-10
IRCTC,LONG,715.05,715.05,874,0.0,-220.2661814724,TIME_EXIT,2023-10-17 12:50:00+05:30,2023-10-17 14:35:00+05:30,2023-10-17,2023,2023-10
PAGEIND,LONG,39416.35,39349.5,15,-1002.7499999999782,-1210.8485577314782,EOD,2023-10-17 14:45:00+05:30,2023-10-17 15:15:00+05:30,2023-10-17,2023,2023-10
MGL,LONG,1009.45,997.3366000000001,616,-7461.854399999973,-7678.880748844878,SL,2023-10-27 10:40:00+05:30,2023-10-27 12:05:00+05:30,2023-10-27,2023,2023-10
BANKBARODA,LONG,188.35,188.5,3305,495.75000000001876,276.20787892951876,TIME_EXIT,2023-10-27 12:10:00+05:30,2023-10-27 13:55:00+05:30,2023-10-27,2023,2023-10
COFORGE,LONG,1005.0,1002.0,619,-1857.0,-2075.727105258,EOD,2023-10-27 14:00:00+05:30,2023-10-27 15:15:00+05:30,2023-10-27,2023,2023-10
SAIL,LONG,84.2,83.8,6831,-2732.4000000000387,-2934.337803408039,TIME_EXIT,2023-11-02 10:35:00+05:30,2023-11-02 12:20:00+05:30,2023-11-02,2023,2023-11
BATAINDIA,LONG,1558.1,1560.05,369,719.5500000000168,516.7056808989167,TIME_EXIT,2023-11-02 12:25:00+05:30,2023-11-02 14:10:00+05:30,2023-11-02,2023,2023-11
ASHOKLEY,LONG,81.8,81.75,7032,-351.59999999998,-554.23595649358,EOD,2023-11-02 14:15:00+05:30,2023-11-02 15:15:00+05:30,2023-11-02,2023,2023-11
SHRIRAMFIN,LONG,398.05,404.25,1407,8723.399999999983,8523.510155441383,TIME_EXIT,2023-11-03 10:45:00+05:30,2023-11-03 12:30:00+05:30,2023-11-03,2023,2023-11
BEL,LONG,136.65,136.0,4100,-2665.000000000023,-2861.703727490023,TIME_EXIT,2023-11-03 12:35:00+05:30,2023-11-03 14:20:00+05:30,2023-11-03,2023,2023-11
BATAINDIA,LONG,1580.75,1577.85,354,-1026.6000000000322,-1223.5331890344323,EOD,2023-11-03 14:25:00+05:30,2023-11-03 15:15:00+05:30,2023-11-03,2023,2023-11
GMRAIRPORT,LONG,56.5,56.75,10310,2577.5,2371.453675705,TIME_EXIT,2023-11-06 10:20:00+05:30,2023-11-06 12:05:00+05:30,2023-11-06,2023,2023-11
BEL,LONG,136.6,137.0,4264,1705.6000000000242,1499.8217751296243,TIME_EXIT,2023-11-06 12:10:00+05:30,2023-11-06 13:55:00+05:30,2023-11-06,2023,2023-11
JINDALSTEL,LONG,611.0,625.1,953,13437.300000000021,13228.227087454221,EOD,2023-11-06 14:00:00+05:30,2023-11-06 15:15:00+05:30,2023-11-06,2023,2023-11
ZEEL,LONG,252.7,250.95,2643,-4625.25,-4859.3239249107,TIME_EXIT,2023-11-15 10:00:00+05:30,2023-11-15 11:45:00+05:30,2023-11-15,2023,2023-11
APOLLOTYRE,LONG,425.0,426.15,1571,1806.6499999999642,1570.809500697064,TIME_EXIT,2023-11-15 11:50:00+05:30,2023-11-15 13:35:00+05:30,2023-11-15,2023,2023-11
APOLLOTYRE,LONG,426.05,428.9,1568,4468.7999999999465,4232.066623478347,EOD,2023-11-15 13:40:00+05:30,2023-11-15 15:15:00+05:30,2023-11-15,2023,2023-11
SUNTV,LONG,677.25,679.15,993,1886.6999999999775,1649.1327472247776,TIME_EXIT,2023-12-04 10:25:00+05:30,2023-12-04 12:10:00+05:30,2023-12-04,2023,2023-12
CONCOR,LONG,642.15,639.8,1047,-2460.450000000024,-2696.710178472924,TIME_EXIT,2023-12-04 12:15:00+05:30,2023-12-04 14:00:00+05:30,2023-12-04,2023,2023-12
APOLLOTYRE,LONG,450.0,449.95,1495,-74.750000000017,-311.840687606517,EOD,2023-12-04 14:05:00+05:30,2023-12-04 15:15:00+05:30,2023-12-04,2023,2023-12
SAIL,LONG,111.05,110.85,5997,-1199.4000000000171,-1433.778048751817,TIME_EXIT,2023-12-14 10:55:00+05:30,2023-12-14 12:40:00+05:30,2023-12-14,2023,2023-12
APOLLOTYRE,LONG,456.55,462.55,1458,8748.0,8510.8864563972,TIME_EXIT,2023-12-14 12:45:00+05:30,2023-12-14 14:30:00+05:30,2023-12-14,2023,2023-12
APOLLOTYRE,LONG,463.1,457.5428,1438,-7991.253600000033,-8223.67740493272,SL,2023-12-14 14:35:00+05:30,2023-12-14 14:55:00+05:30,2023-12-14,2023,2023-12
AUBANK,LONG,759.55,759.95,876,350.4000000000797,115.79019946807966,EOD,2023-12-14 15:00:00+05:30,2023-12-14 15:15:00+05:30,2023-12-14,2023,2023-12
PAGEIND,LONG,37020.7,37280.0,17,4408.1000000000495,4185.0219513106495,TIME_EXIT,2024-01-15 10:25:00+05:30,2024-01-15 12:10:00+05:30,2024-01-15,2024,2024-01
BEL,LONG,186.75,188.5525,3538,6377.245000000032,6142.547052554662,TSL,2024-01-15 12:15:00+05:30,2024-01-15 13:40:00+05:30,2024-01-15,2024,2024-01
BATAINDIA,LONG,1585.75,1580.95,416,-1996.799999999981,-2228.731179667181,EOD,2024-01-15 13:45:00+05:30,2024-01-15 15:15:00+05:30,2024-01-15,2024,2024-01
AUBANK,LONG,743.55,734.6274,943,-8414.01179999999,-8658.731431636323,SL,2024-01-19 10:40:00+05:30,2024-01-19 11:20:00+05:30,2024-01-19,2024,2024-01
BHARATFORG,LONG,1240.2,1239.9,565,-169.4999999999743,-416.41918296897427,TIME_EXIT,2024-01-19 11:25:00+05:30,2024-01-19 13:10:00+05:30,2024-01-19,2024,2024-01
APOLLOTYRE,LONG,500.7,503.25,1400,3570.000000000016,3321.916370220016,TIME_EXIT,2024-01-19 13:15:00+05:30,2024-01-19 15:00:00+05:30,2024-01-19,2024,2024-01
ESCORTS,LONG,2994.0,2989.25,224,-1064.0,-1300.069504048,TIME_EXIT,2024-01-20 10:40:00+05:30,2024-01-20 12:25:00+05:30,2024-01-20,2024,2024-01
APOLLOTYRE,LONG,513.3,531.2654999999999,982,17642.12099999991,17459.41419968336,PARTIAL_PROFIT,2024-01-20 12:30:00+05:30,2024-01-20 14:00:00+05:30,2024-01-20,2024,2024-01
APOLLOTYRE,LONG,513.3,536.305,328,7545.6399999999985,7484.140577040558,TSL,2024-01-20 12:30:00+05:30,2024-01-20 14:10:00+05:30,2024-01-20,2024,2024-01
BALKRISIND,LONG,2745.05,2777.642,245,7985.039999999913,7745.717375103873,TSL,2024-01-20 14:15:00+05:30,2024-01-20 15:15:00+05:30,2024-01-20,2024,2024-01
SHRIRAMFIN,LONG,459.8,454.2824,1804,-9953.750400000028,-10243.252980836438,SL,2024-01-23 11:15:00+05:30,2024-01-23 12:55:00+05:30,2024-01-23,2024,2024-01
VOLTAS,LONG,1015.4,1004.1,816,-9220.799999999963,-9510.190652111964,EOD,2024-01-23 13:50:00+05:30,2024-01-23 15:15:00+05:30,2024-01-23,2024,2024-01
LTF,LONG,169.0,169.1,4323,432.2999999999754,174.67941517617538,TIME_EXIT,2024-01-30 10:40:00+05:30,2024-01-30 12:25:00+05:30,2024-01-30,2024,2024-01
APOLLOTYRE,LONG,536.65,535.7,1361,-1292.949999999907,-1550.004044947007,TIME_EXIT,2024-01-30 12:30:00+05:30,2024-01-30 14:15:00+05:30,2024-01-30,2024,2024-01
AUBANK,LONG,626.6,625.3,1166,-1515.8000000000795,-1772.8730680804795,EOD,2024-01-30 14:20:00+05:30,2024-01-30 15:15:00+05:30,2024-01-30,2024,2024-01
TATAPOWER,LONG,394.4,389.6672,1812,-8575.833599999994,-8825.2597821176,SL,2024-02-01 10:40:00+05:30,2024-02-01 12:00:00+05:30,2024-02-01,2024,2024-02
LICHSGFIN,LONG,629.5,631.55,1135,2326.749999999948,2074.263237564448,TIME_EXIT,2024-02-01 12:15:00+05:30,2024-02-01 14:00:00+05:30,2024-02-01,2024,2024-02
CONCOR,LONG,729.9,736.3,979,6265.599999999978,6011.954256585178,EOD,2024-02-01 14:05:00+05:30,2024-02-01 15:15:00+05:30,2024-02-01,2024,2024-02
SHRIRAMFIN,LONG,483.05,480.4,1472,-3900.80000000005,-4150.29434323845,TIME_EXIT,2024-02-02 10:05:00+05:30,2024-02-02 11:50:00+05:30,2024-02-02,2024,2024-02
BANKINDIA,LONG,155.1,153.2388,4586,-8535.463199999984,-8783.7152181573,SL,2024-02-02 11:55:00+05:30,2024-02-02 12:25:00+05:30,2024-02-02,2024,2024-02
BANKINDIA,LONG,152.9,151.0652,4652,-8535.489600000006,-8783.742385995356,SL,2024-02-02 12:30:00+05:30,2024-02-02 12:45:00+05:30,2024-02-02,2024,2024-02
COFORGE,LONG,1278.0,1279.0,556,556.0,305.399745608,TIME_EXIT,2024-02-02 12:50:00+05:30,2024-02-02 14:35:00+05:30,2024-02-02,2024,2024-02
COFORGE,LONG,1281.0,1284.0,555,1665.0,1413.94592205,EOD,2024-02-02 14:40:00+05:30,2024-02-02 15:15:00+05:30,2024-02-02,2024,2024-02
PAGEIND,LONG,37204.85,37234.55,16,475.20000000006985,265.25720472966987,TIME_EXIT,2024-02-05 09:45:00+05:30,2024-02-05 11:30:00+05:30,2024-02-05,2024,2024-02
APOLLOTYRE,LONG,550.85,549.65,1109,-1330.8000000000504,-1545.7294267170505,TIME_EXIT,2024-02-05 11:35:00+05:30,2024-02-05 13:20:00+05:30,2024-02-05,2024,2024-02
ASHOKLEY,LONG,88.2,87.1416,6930,-7334.712000000041,-7548.040440875129,SL,2024-02-05 13:25:00+05:30,2024-02-05 14:40:00+05:30,2024-02-05,2024,2024-02
AUBANK,LONG,626.05,621.65,976,-4294.399999999978,-4508.527743875178,EOD,2024-02-05 14:55:00+05:30,2024-02-05 15:15:00+05:30,2024-02-05,2024,2024-02
MFSL,LONG,961.3,949.7643999999999,566,-6529.149600000025,-6719.048440528216,SL,2024-02-07 11:00:00+05:30,2024-02-07 12:05:00+05:30,2024-02-07,2024,2024-02
FEDERALBNK,LONG,149.6,149.25,3640,-1273.9999999999793,-1465.5609699639792,TIME_EXIT,2024-02-07 12:10:00+05:30,2024-02-07 13:55:00+05:30,2024-02-07,2024,2024-02
PFC,LONG,464.1,469.3,1173,6099.599999999987,5905.983038326786,EOD,2024-02-07 14:00:00+05:30,2024-02-07 15:15:00+05:30,2024-02-07,2024,2024-02
AUBANK,SHORT,563.75,566.25,945,-2362.5,-2550.9428091,EOD,2024-03-21 13:10:00+05:30,2024-03-21 15:15:00+05:30,2024-03-21,2024,2024-03
BHARATFORG,LONG,1150.25,1161.71225,452,5180.937000000018,4996.209704450256,TSL,2024-04-04 10:25:00+05:30,2024-04-04 10:50:00+05:30,2024-04-04,2024,2024-04
BALKRISIND,LONG,2325.0,2326.45,223,323.34999999995944,140.51989812285944,TIME_EXIT,2024-04-04 10:55:00+05:30,2024-04-04 12:40:00+05:30,2024-04-04,2024,2024-04
COFORGE,LONG,1165.0,1167.5,446,1115.0,931.55032333,TIME_EXIT,2024-04-04 12:45:00+05:30,2024-04-04 14:30:00+05:30,2024-04-04,2024,2024-04
COFORGE,LONG,1168.0,1164.0,445,-1780.0,-1962.68096924,EOD,2024-04-04 14:35:00+05:30,2024-04-04 15:15:00+05:30,2024-04-04,2024,2024-04
TVSMOTOR,LONG,1911.1,1918.1,283,1981.0,1789.8123884264,TIME_EXIT,2024-04-22 10:25:00+05:30,2024-04-22 12:10:00+05:30,2024-04-22,2024,2024-04
BALKRISIND,LONG,2375.55,2369.75,227,-1316.6000000000413,-1506.2828429806414,TIME_EXIT,2024-04-22 12:15:00+05:30,2024-04-22 14:00:00+05:30,2024-04-22,2024,2024-04
ASHOKLEY,LONG,86.4,86.2,6261,-1252.2000000000178,-1442.5006381836179,EOD,2024-04-22 14:05:00+05:30,2024-04-22 15:15:00+05:30,2024-04-22,2024,2024-04
GODREJPROP,LONG,2624.0,2598.5,203,-5176.5,-5362.759662855,TIME_EXIT,2024-04-29 09:25:00+05:30,2024-04-29 11:10:00+05:30,2024-04-29,2024,2024-04
TATAPOWER,LONG,443.75,445.45,1206,2050.199999999986,1860.9940860047861,TIME_EXIT,2024-04-29 11:15:00+05:30,2024-04-29 13:00:00+05:30,2024-04-29,2024,2024-04
BANKBARODA,LONG,263.65,264.25,2029,1217.400000000046,1028.508813743446,TIME_EXIT,2024-04-29 13:05:00+05:30,2024-04-29 14:50:00+05:30,2024-04-29,2024,2024-04
AUBANK,LONG,626.5,643.6,854,14603.40000000002,14410.64738121962,EOD,2024-04-29 14:55:00+05:30,2024-04-29 15:15:00+05:30,2024-04-29,2024,2024-04
JINDALSTEL,LONG,938.75,938.4,633,-221.5500000000144,-430.92369802471444,TIME_EXIT,2024-05-06 10:40:00+05:30,2024-05-06 12:25:00+05:30,2024-05-06,2024,2024-05
GODREJPROP,LONG,2809.0,2829.0,211,4220.0,4009.894178332,TIME_EXIT,2024-05-06 12:30:00+05:30,2024-05-06 14:15:00+05:30,2024-05-06,2024,2024-05
CASTROLIND,LONG,197.45,200.35,3012,8734.800000000017,8522.689831166417,EOD,2024-05-06 14:20:00+05:30,2024-05-06 15:15:00+05:30,2024-05-06,2024,2024-05
CUMMINSIND,LONG,3776.9,3731.5772,173,-7840.844399999985,-8068.893587343151,SL,2024-05-16 10:30:00+05:30,2024-05-16 11:35:00+05:30,2024-05-16,2024,2024-05
PAGEIND,LONG,35402.65,35232.0,18,-3071.700000000026,-3295.4200259562263,TIME_EXIT,2024-05-16 11:55:00+05:30,2024-05-16 13:40:00+05:30,2024-05-16,2024,2024-05
LICHSGFIN,LONG,647.35,652.45,1012,5161.200000000023,4928.825010542422,EOD,2024-05-16 13:45:00+05:30,2024-05-16 15:15:00+05:30,2024-05-16,2024,2024-05
VOLTAS,LONG,1391.0,1422.89975,448,14291.088000000018,14067.36071111013,TSL,2024-05-27 10:20:00+05:30,2024-05-27 11:30:00+05:30,2024-05-27,2024,2024-05
ASHOKLEY,LONG,110.9,111.1,5619,1123.799999999936,903.848897531936,TIME_EXIT,2024-05-27 11:35:00+05:30,2024-05-27 13:20:00+05:30,2024-05-27,2024,2024-05
ASHOKLEY,LONG,111.25,112.9325,5602,9425.365000000025,9203.011198907536,TSL,2024-05-27 13:25:00+05:30,2024-05-27 14:55:00+05:30,2024-05-27,2024,2024-05
ASHOKLEY,LONG,113.1,113.9,5510,4408.000000000063,4187.096925980063,EOD,2024-05-27 15:00:00+05:30,2024-05-27 15:15:00+05:30,2024-05-27,2024,2024-05
SUNTV,LONG,669.8,669.4,1142,-456.79999999997403,-726.263875206374,TIME_EXIT,2024-06-03 10:20:00+05:30,2024-06-03 12:05:00+05:30,2024-06-03,2024,2024-06
ASHOKLEY,LONG,117.3,118.4,6521,7173.100000000056,6901.451649867856,TIME_EXIT,2024-06-03 12:10:00+05:30,2024-06-03 13:55:00+05:30,2024-06-03,2024,2024-06
ASHOKLEY,LONG,118.45,118.4,6458,-322.8999999999817,-592.4157702697817,EOD,2024-06-03 14:00:00+05:30,2024-06-03 15:15:00+05:30,2024-06-03,2024,2024-06
APOLLOTYRE,LONG,457.85,468.7,1731,18781.34999999994,18496.642562780642,TIME_EXIT,2024-06-05 10:10:00+05:30,2024-06-05 11:55:00+05:30,2024-06-05,2024,2024-06
APOLLOTYRE,LONG,469.15,470.2,1690,1774.500000000019,1494.545765661019,TIME_EXIT,2024-06-05 12:00:00+05:30,2024-06-05 13:45:00+05:30,2024-06-05,2024,2024-06
ASHOKLEY,LONG,109.4,111.88775,7248,18031.211999999938,17746.580811011627,TSL,2024-06-05 13:50:00+05:30,2024-06-05 14:55:00+05:30,2024-06-05,2024,2024-06
APOLLOTYRE,LONG,471.35,469.8,1682,-2607.100000000019,-2885.781497031819,EOD,2024-06-05 15:00:00+05:30,2024-06-05 15:15:00+05:30,2024-06-05,2024,2024-06
SRF,LONG,2301.1,2304.75,420,1533.0000000000382,1191.9297507180381,TIME_EXIT,2024-06-06 10:15:00+05:30,2024-06-06 12:00:00+05:30,2024-06-06,2024,2024-06
CUMMINSIND,LONG,3539.6,3497.1248,273,-11595.729599999962,-11932.988774781074,SL,2024-06-06 12:05:00+05:30,2024-06-06 13:05:00+05:30,2024-06-06,2024,2024-06
BALKRISIND,LONG,3132.3,3108.75,308,-7253.400000000056,-7591.351391408456,TIME_EXIT,2024-06-06 13:30:00+05:30,2024-06-06 15:15:00+05:30,2024-06-06,2024,2024-06
ZEEL,LONG,157.72,161.04075,5551,18433.483250000023,18119.634070701868,TSL,2024-06-10 10:25:00+05:30,2024-06-10 11:20:00+05:30,2024-06-10,2024,2024-06
BATAINDIA,LONG,1496.1,1491.3,585,-2807.9999999999736,-3115.6687881539738,TIME_EXIT,2024-06-10 11:25:00+05:30,2024-06-10 13:10:00+05:30,2024-06-10,2024,2024-06
SRF,LONG,2362.35,2355.0,370,-2719.4999999999663,-3026.7891518069664,TIME_EXIT,2024-06-10 13:15:00+05:30,2024-06-10 15:00:00+05:30,2024-06-10,2024,2024-06
ASHOKLEY,LONG,116.5,117.0,8029,4014.5,3683.674922641,TIME_EXIT,2024-06-11 10:25:00+05:30,2024-06-11 12:10:00+05:30,2024-06-11,2024,2024-06
AUBANK,LONG,672.3,676.1,1391,5285.800000000095,4954.684776485695,TIME_EXIT,2024-06-11 12:15:00+05:30,2024-06-11 14:00:00+05:30,2024-06-11,2024,2024-06
ASHOKLEY,LONG,117.5,118.9,7961,11145.400000000045,10812.520128029646,EOD,2024-06-11 14:05:00+05:30,2024-06-11 15:15:00+05:30,2024-06-11,2024,2024-06
TVSMOTOR,LONG,2440.75,2439.9,423,-359.5499999999615,-723.3316610786616,TIME_EXIT,2024-06-13 10:35:00+05:30,2024-06-13 12:20:00+05:30,2024-06-13,2024,2024-06
SHRIRAMFIN,LONG,528.8,529.05,1952,488.0,124.05316415680005,TIME_EXIT,2024-06-13 12:25:00+05:30,2024-06-13 14:10:00+05:30,2024-06-13,2024,2024-06
BEL,LONG,293.0,302.4,3524,33125.59999999992,32752.200623550318,EOD,2024-06-13 14:15:00+05:30,2024-06-13 15:15:00+05:30,2024-06-13,2024,2024-06
RBLBANK,SHORT,228.5,229.64249999999998,5222,-5966.1349999999165,-6388.397905560427,SL,2024-07-25 12:10:00+05:30,2024-07-25 15:00:00+05:30,2024-07-25,2024,2024-07
RECLTD,LONG,631.5,636.15,1839,8551.349999999959,8139.589828812858,TIME_EXIT,2024-07-29 09:35:00+05:30,2024-07-29 11:20:00+05:30,2024-07-29,2024,2024-07
ASHOKLEY,LONG,129.05,128.4,9000,-5850.000000000051,-6257.6809533000505,TIME_EXIT,2024-07-29 11:25:00+05:30,2024-07-29 13:10:00+05:30,2024-07-29,2024,2024-07
MANAPPURAM,LONG,215.5,212.914,5389,-13935.954000000069,-14341.278072564464,SL,2024-07-29 13:15:00+05:30,2024-07-29 14:15:00+05:30,2024-07-29,2024,2024-07
TORNTPOWER,LONG,1575.0,1589.1,737,10391.699999999933,9979.608154975733,EOD,2024-07-29 14:20:00+05:30,2024-07-29 15:15:00+05:30,2024-07-29,2024,2024-07
CUMMINSIND,SHORT,3519.05,3536.64525,326,-5736.051499999951,-6142.02987173219,SL,2024-08-02 12:15:00+05:30,2024-08-02 13:35:00+05:30,2024-08-02,2024,2024-08
GMRAIRPORT,SHORT,98.49,97.85,11667,7466.8800000000065,7064.020673595726,EOD,2024-08-02 15:00:00+05:30,2024-08-02 15:15:00+05:30,2024-08-02,2024,2024-08
EXIDEIND,SHORT,485.85,485.5,2374,830.900000000054,424.61690401265395,EOD,2024-08-05 14:30:00+05:30,2024-08-05 15:15:00+05:30,2024-08-05,2024,2024-08
PAGEIND,LONG,42199.95,41693.550599999995,27,-13672.783800000056,-14070.453626773917,SL,2024-08-06 10:25:00+05:30,2024-08-06 10:40:00+05:30,2024-08-06,2024,2024-08
MFSL,LONG,1082.2,1076.85,1068,-5713.800000000146,-6119.524917980546,TIME_EXIT,2024-08-06 11:30:00+05:30,2024-08-06 13:15:00+05:30,2024-08-06,2024,2024-08
GODREJPROP,LONG,2984.95,2949.1306,387,-13862.107799999945,-14265.284072526581,SL,2024-08-06 13:20:00+05:30,2024-08-06 14:15:00+05:30,2024-08-06,2024,2024-08
JINDALSTEL,LONG,943.2,940.8,1042,-2500.8000000000948,-2846.4791069280946,TIME_EXIT,2024-08-07 10:50:00+05:30,2024-08-07 12:35:00+05:30,2024-08-07,2024,2024-08
APOLLOTYRE,LONG,525.25,522.5,1872,-5148.0,-5493.081281688,TIME_EXIT,2024-08-07 12:40:00+05:30,2024-08-07 14:25:00+05:30,2024-08-07,2024,2024-08
AUBANK,LONG,633.1,632.15,1553,-1475.3500000000706,-1821.4600384145706,EOD,2024-08-07 14:30:00+05:30,2024-08-07 15:15:00+05:30,2024-08-07,2024,2024-08
TVSMOTOR,LONG,2576.15,2578.15,362,724.0,395.1079148084,TIME_EXIT,2024-08-09 11:00:00+05:30,2024-08-09 12:45:00+05:30,2024-08-09,2024,2024-08
EXIDEIND,LONG,497.35,493.7,1875,-6843.750000000064,-7170.463644937564,TIME_EXIT,2024-08-09 12:50:00+05:30,2024-08-09 14:35:00+05:30,2024-08-09,2024,2024-08
SUNTV,LONG,912.55,913.6,1022,1073.1000000000697,744.0869166822696,EOD,2024-08-09 14:40:00+05:30,2024-08-09 15:15:00+05:30,2024-08-09,2024,2024-08
BATAINDIA,LONG,1398.8,1404.0,645,3354.000000000029,3035.048639844029,TIME_EXIT,2024-08-16 10:15:00+05:30,2024-08-16 12:00:00+05:30,2024-08-16,2024,2024-08
ASHOKLEY,LONG,126.1,126.55,7157,3220.6500000000206,2901.641046872721,TIME_EXIT,2024-08-16 12:05:00+05:30,2024-08-16 13:50:00+05:30,2024-08-16,2024,2024-08
AUBANK,LONG,612.85,613.55,1472,1030.3999999998996,712.1527662590996,EOD,2024-08-16 13:55:00+05:30,2024-08-16 15:15:00+05:30,2024-08-16,2024,2024-08
GLENMARK,LONG,1613.45,1638.0,580,14238.999999999975,13905.099493933974,TIME_EXIT,2024-08-19 10:45:00+05:30,2024-08-19 12:30:00+05:30,2024-08-19,2024,2024-08
GLENMARK,LONG,1634.25,1614.639,572,-11217.49200000006,-11543.750219666868,SL,2024-08-19 12:35:00+05:30,2024-08-19 13:50:00+05:30,2024-08-19,2024,2024-08
IRCTC,LONG,938.5,938.5,997,0.0,-329.78387339400007,EOD,2024-08-19 14:10:00+05:30,2024-08-19 15:15:00+05:30,2024-08-19,2024,2024-08
RBLBANK,SHORT,219.15,216.85,4316,9926.800000000048,9596.274090624049,EOD,2024-09-04 12:00:00+05:30,2024-09-04 15:15:00+05:30,2024-09-04,2024,2024-09
BHARATFORG,LONG,1579.0,1588.45,629,5944.050000000028,5592.296504012728,TIME_EXIT,2024-09-12 11:00:00+05:30,2024-09-12 12:45:00+05:30,2024-09-12,2024,2024-09
APOLLOTYRE,LONG,524.55,518.2553999999999,1894,-11921.972400000113,-12268.720272888351,SL,2024-09-12 12:50:00+05:30,2024-09-12 13:25:00+05:30,2024-09-12,2024,2024-09
BANKBARODA,LONG,236.5,237.45,4202,3991.8999999999523,3640.500133034552,TIME_EXIT,2024-09-12 13:30:00+05:30,2024-09-12 15:15:00+05:30,2024-09-12,2024,2024-09
JINDALSTEL,LONG,1040.25,1027.767,940,-11734.01999999995,-12075.30131981143,SL,2024-09-19 09:45:00+05:30,2024-09-19 09:55:00+05:30,2024-09-19,2024,2024-09
ASHOKLEY,LONG,118.4,117.95,8266,-3719.7000000000235,-4063.5781238166237,TIME_EXIT,2024-09-19 12:40:00+05:30,2024-09-19 14:25:00+05:30,2024-09-19,2024,2024-09
APOLLOTYRE,LONG,514.45,519.4,1902,9414.89999999987,9067.33660330967,EOD,2024-09-19 14:30:00+05:30,2024-09-19 15:15:00+05:30,2024-09-19,2024,2024-09
TVSMOTOR,SHORT,2751.75,2723.55,342,9644.399999999938,9315.468429512337,EOD,2024-10-03 13:05:00+05:30,2024-10-03 15:15:00+05:30,2024-10-03,2024,2024-10
SUNTV,LONG,758.5,753.4,1305,-6655.50000000003,-7002.46699166703,TIME_EXIT,2024-11-06 10:40:00+05:30,2024-11-06 12:25:00+05:30,2024-11-06,2024,2024-11
BALKRISIND,LONG,2854.4,2874.7,346,7023.799999999906,6673.700115696305,TIME_EXIT,2024-11-06 12:30:00+05:30,2024-11-06 14:15:00+05:30,2024-11-06,2024,2024-11
APOLLOTYRE,LONG,489.65,489.95,2021,606.3000000000229,257.34607701842293,EOD,2024-11-06 14:20:00+05:30,2024-11-06 15:15:00+05:30,2024-11-06,2024,2024-11
MGL,LONG,1196.0,1181.648,827,-11869.104000000074,-12214.31420742257,SL,2024-11-25 10:35:00+05:30,2024-11-25 11:45:00+05:30,2024-11-25,2024,2024-11
ASHOKLEY,LONG,116.1,116.7,8524,5114.400000000072,4764.136797292872,TIME_EXIT,2024-11-25 11:50:00+05:30,2024-11-25 13:35:00+05:30,2024-11-25,2024,2024-11
APOLLOTYRE,LONG,505.5,503.6,1957,-3718.2999999999556,-4065.903624966156,EOD,2024-11-25 13:40:00+05:30,2024-11-25 15:15:00+05:30,2024-11-25,2024,2024-11
APOLLOTYRE,SHORT,450.65,441.63699999999994,2068,18638.88400000007,18315.753336033456,PARTIAL_PROFIT,2025-01-13 11:05:00+05:30,2025-01-13 14:05:00+05:30,2025-01-13,2025,2025-01
SHRIRAMFIN,LONG,525.4,534.56375,1948,17850.9850000001,17485.14829296909,TSL,2025-01-14 10:20:00+05:30,2025-01-14 11:25:00+05:30,2025-01-14,2025,2025-01
ASHOKLEY,LONG,104.4,104.65,9805,2451.25,2089.7637183335,TIME_EXIT,2025-01-14 11:30:00+05:30,2025-01-14 13:15:00+05:30,2025-01-14,2025,2025-01
ASHOKLEY,LONG,104.5,104.9,9795,3918.0000000000555,3556.1166295020557,TIME_EXIT,2025-01-14 13:20:00+05:30,2025-01-14 15:05:00+05:30,2025-01-14,2025,2025-01
ESCORTS,LONG,3536.4,3550.0,322,4379.199999999971,3976.6021356991705,TIME_EXIT,2025-01-16 11:00:00+05:30,2025-01-16 12:45:00+05:30,2025-01-16,2025,2025-01
CONCOR,LONG,619.4,620.7,1839,2390.7000000001253,1988.5458936787254,TIME_EXIT,2025-01-16 12:50:00+05:30,2025-01-16 14:35:00+05:30,2025-01-16,2025,2025-01
BALKRISIND,LONG,2721.45,2725.5,418,1692.900000000076,1291.478000927476,EOD,2025-01-16 14:40:00+05:30,2025-01-16 15:15:00+05:30,2025-01-16,2025,2025-01
ASHOKLEY,LONG,100.2,101.58949999999999,11732,16301.613999999812,15882.624374458248,TSL,2025-01-28 10:40:00+05:30,2025-01-28 11:40:00+05:30,2025-01-28,2025,2025-01
ASHOKLEY,LONG,101.4,102.83324999999999,11593,16615.667249999846,16196.593443975147,TSL,2025-01-28 11:45:00+05:30,2025-01-28 13:25:00+05:30,2025-01-28,2025,2025-01
ASHOKLEY,LONG,102.8,102.55,11435,-2858.75,-3272.2454215585,TIME_EXIT,2025-01-28 13:30:00+05:30,2025-01-28 15:15:00+05:30,2025-01-28,2025,2025-01
CUMMINSIND,LONG,2800.25,2821.5,471,10008.75,9541.0300366995,TIME_EXIT,2025-02-04 10:20:00+05:30,2025-02-04 12:05:00+05:30,2025-02-04,2025,2025-02
ASHOKLEY,LONG,105.15,105.25,12550,1254.9999999999286,789.5336724799286,TIME_EXIT,2025-02-04 12:10:00+05:30,2025-02-04 13:55:00+05:30,2025-02-04,2025,2025-02
APOLLOTYRE,LONG,421.5,421.7,3130,625.9999999999644,160.83266118396443,EOD,2025-02-04 14:00:00+05:30,2025-02-04 15:15:00+05:30,2025-02-04,2025,2025-02
GODREJPROP,LONG,2007.0,1982.916,683,-16449.37200000004,-16927.798267061968,SL,2025-03-17 11:35:00+05:30,2025-03-17 13:05:00+05:30,2025-03-17,2025,2025-03
VOLTAS,LONG,1446.0,1454.8,948,8342.399999999958,7856.868167001558,TIME_EXIT,2025-03-17 13:10:00+05:30,2025-03-17 14:55:00+05:30,2025-03-17,2025,2025-03
CASTROLIND,LONG,235.16,236.3,5834,6650.760000000087,6165.319219293447,EOD,2025-03-17 15:00:00+05:30,2025-03-17 15:15:00+05:30,2025-03-17,2025,2025-03
BATAINDIA,LONG,1226.6,1234.3,1106,8516.20000000005,8035.61915087965,TIME_EXIT,2025-03-18 10:15:00+05:30,2025-03-18 12:00:00+05:30,2025-03-18,2025,2025-03
ASHOKLEY,LONG,101.3,101.3,13401,0.0,-478.4610972276,TIME_EXIT,2025-03-18 12:05:00+05:30,2025-03-18 13:50:00+05:30,2025-03-18,2025,2025-03
ASHOKLEY,LONG,101.3,101.95,13401,8710.650000000076,8229.695688265576,EOD,2025-03-18 13:55:00+05:30,2025-03-18 15:15:00+05:30,2025-03-18,2025,2025-03
PAGEIND,LONG,41573.0,42090.0,34,17578.0,17074.784161508,TIME_EXIT,2025-03-20 10:45:00+05:30,2025-03-20 12:30:00+05:30,2025-03-20,2025,2025-03
ASHOKLEY,LONG,104.35,104.0,13766,-4818.099999999922,-5323.011923618522,TIME_EXIT,2025-03-20 12:35:00+05:30,2025-03-20 14:20:00+05:30,2025-03-20,2025,2025-03
BHARATFORG,LONG,1195.0,1194.05,1202,-1141.9000000000547,-1647.8316868106544,EOD,2025-03-20 14:25:00+05:30,2025-03-20 15:15:00+05:30,2025-03-20,2025,2025-03
LICHSGFIN,LONG,575.3,583.4,2584,20930.40000000006,20400.46277293926,TIME_EXIT,2025-03-24 10:40:00+05:30,2025-03-24 12:25:00+05:30,2025-03-24,2025,2025-03
ASHOKLEY,LONG,106.35,107.1,13982,10486.5,9959.4074071146,TIME_EXIT,2025-03-24 12:30:00+05:30,2025-03-24 14:15:00+05:30,2025-03-24,2025,2025-03
ASHOKLEY,LONG,107.1,106.3,13884,-11107.19999999996,-11628.108636705561,EOD,2025-03-24 14:20:00+05:30,2025-03-24 15:15:00+05:30,2025-03-24,2025,2025-03
BHARATFORG,LONG,1206.35,1191.8737999999998,1310,-18963.82200000008,-19515.380477046307,SL,2025-03-25 09:55:00+05:30,2025-03-25 10:15:00+05:30,2025-03-25,2025,2025-03
BATAINDIA,LONG,1242.45,1230.5,1272,-15200.400000000058,-15753.063122282458,TIME_EXIT,2025-03-25 10:50:00+05:30,2025-03-25 12:35:00+05:30,2025-03-25,2025,2025-03
COFORGE,LONG,1606.0,1614.5,984,8364.0,7804.6247003280005,TIME_EXIT,2025-03-25 12:40:00+05:30,2025-03-25 14:25:00+05:30,2025-03-25,2025,2025-03
BANKBARODA,LONG,223.41,223.12,7075,-2051.7499999999436,-2608.257442643444,EOD,2025-03-25 14:30:00+05:30,2025-03-25 15:15:00+05:30,2025-03-25,2025,2025-03
BANKINDIA,SHORT,105.23,104.9421,13592,3913.136800000103,3410.1496238295,TSL,2025-04-07 11:50:00+05:30,2025-04-07 12:20:00+05:30,2025-04-07,2025,2025-04
ASHOKLEY,SHORT,96.9,97.38449999999999,14760,-7151.2199999997465,-7657.359223383466,SL,2025-04-07 12:35:00+05:30,2025-04-07 12:40:00+05:30,2025-04-07,2025,2025-04
AUBANK,SHORT,539.0,541.6949999999999,2653,-7149.834999999831,-7655.876197756541,SL,2025-04-07 14:15:00+05:30,2025-04-07 14:30:00+05:30,2025-04-07,2025,2025-04
BALKRISIND,LONG,2310.94,2328.6,593,10472.379999999914,9986.386745608193,TIME_EXIT,2025-04-08 11:10:00+05:30,2025-04-08 12:55:00+05:30,2025-04-08,2025,2025-04
ASHOKLEY,LONG,101.2,101.0,13545,-2709.0000000000387,-3191.3496025740387,TIME_EXIT,2025-04-08 13:00:00+05:30,2025-04-08 14:45:00+05:30,2025-04-08,2025,2025-04
BHARATFORG,LONG,970.1,970.2,1413,141.30000000003213,-341.8644809213679,EOD,2025-04-08 14:50:00+05:30,2025-04-08 15:15:00+05:30,2025-04-08,2025,2025-04
ESCORTS,LONG,3186.0,3187.05,440,462.00000000008004,-32.21354809192002,TIME_EXIT,2025-04-11 11:00:00+05:30,2025-04-11 12:45:00+05:30,2025-04-11,2025,2025-04
APOLLOTYRE,LONG,423.85,424.85,3310,3310.0,2814.582349478,TIME_EXIT,2025-04-11 12:50:00+05:30,2025-04-11 14:35:00+05:30,2025-04-11,2025,2025-04
APOLLOTYRE,LONG,424.2,427.5,3307,10913.100000000037,10415.546359350637,EOD,2025-04-11 14:40:00+05:30,2025-04-11 15:15:00+05:30,2025-04-11,2025,2025-04
IDFCFIRSTB,LONG,61.12,61.57,24035,10815.75000000007,10294.895496062169,TIME_EXIT,2025-04-15 10:45:00+05:30,2025-04-15 12:30:00+05:30,2025-04-15,2025,2025-04
APOLLOTYRE,LONG,434.95,436.6,3377,5572.050000000115,5052.764420197014,TIME_EXIT,2025-04-15 12:35:00+05:30,2025-04-15 14:20:00+05:30,2025-04-15,2025,2025-04
APOLLOTYRE,LONG,438.1,439.2,3353,3688.2999999998856,3169.5101939604856,EOD,2025-04-15 14:25:00+05:30,2025-04-15 15:15:00+05:30,2025-04-15,2025,2025-04
GODREJPROP,LONG,2006.5,2029.1,778,17582.79999999993,17027.56968372313,TIME_EXIT,2025-04-21 10:00:00+05:30,2025-04-21 11:45:00+05:30,2025-04-21,2025,2025-04
APOLLOTYRE,LONG,457.65,457.1,3412,-1876.5999999998448,-2426.417300701845,TIME_EXIT,2025-04-21 11:50:00+05:30,2025-04-21 13:35:00+05:30,2025-04-21,2025,2025-04
BANKBARODA,LONG,250.03,249.64,6245,-2435.5500000000925,-2985.1845991479922,EOD,2025-04-21 13:40:00+05:30,2025-04-21 15:15:00+05:30,2025-04-21,2025,2025-04
EXIDEIND,LONG,376.15,375.9,4306,-1076.5,-1647.0590517698,TIME_EXIT,2025-05-12 11:10:00+05:30,2025-05-12 12:55:00+05:30,2025-05-12,2025,2025-05
BHEL,LONG,231.31,232.27,7002,6721.920000000056,6149.153255541895,TIME_EXIT,2025-05-12 13:00:00+05:30,2025-05-12 14:45:00+05:30,2025-05-12,2025,2025-05
APOLLOTYRE,LONG,480.3,481.25,3372,3203.3999999999614,2631.661854068361,EOD,2025-05-12 14:50:00+05:30,2025-05-12 15:15:00+05:30,2025-05-12,2025,2025-05
MFSL,LONG,1508.1,1508.0,1097,-109.69999999990023,-692.7601497441002,TIME_EXIT,2025-06-09 09:25:00+05:30,2025-06-09 11:10:00+05:30,2025-06-09,2025,2025-06
AUBANK,LONG,775.35,767.55,2135,-16653.000000000146,-17231.672738679146,TIME_EXIT,2025-06-09 11:15:00+05:30,2025-06-09 13:00:00+05:30,2025-06-09,2025,2025-06
APOLLOTYRE,LONG,473.4,474.75,3496,4719.6000000000795,4134.938812077679,TIME_EXIT,2025-06-09 13:05:00+05:30,2025-06-09 14:50:00+05:30,2025-06-09,2025,2025-06
BHEL,LONG,258.3,257.95,6408,-2242.8000000001457,-2825.5318093801457,EOD,2025-06-09 14:55:00+05:30,2025-06-09 15:15:00+05:30,2025-06-09,2025,2025-06
EXIDEIND,SHORT,385.15,384.85,4082,1224.5999999998144,670.8317163598143,EOD,2025-06-13 12:30:00+05:30,2025-06-13 15:15:00+05:30,2025-06-13,2025,2025-06
EXIDEIND,LONG,388.4,387.15,4056,-5070.0,-5623.7842333608,TIME_EXIT,2025-06-24 10:55:00+05:30,2025-06-24 12:40:00+05:30,2025-06-24,2025,2025-06
COFORGE,LONG,1867.0,1861.5,843,-4636.5,-5189.890419363,TIME_EXIT,2025-06-24 12:45:00+05:30,2025-06-24 14:30:00+05:30,2025-06-24,2025,2025-06
FEDERALBNK,LONG,209.02,209.25,7538,1733.739999999923,1177.9229390871628,EOD,2025-06-24 14:35:00+05:30,2025-06-24 15:15:00+05:30,2025-06-24,2025,2025-06
MGL,LONG,1323.4,1321.3,1154,-2423.4000000001574,-2960.9723231389576,TIME_EXIT,2025-08-18 10:30:00+05:30,2025-08-18 12:15:00+05:30,2025-08-18,2025,2025-08
APOLLOTYRE,LONG,456.65,459.15,3345,8362.5,7821.738031674,TIME_EXIT,2025-08-18 12:20:00+05:30,2025-08-18 14:05:00+05:30,2025-08-18,2025,2025-08
BATAINDIA,LONG,1121.9,1122.0,1361,136.09999999987622,-402.0999936255239,EOD,2025-08-18 14:10:00+05:30,2025-08-18 15:15:00+05:30,2025-08-18,2025,2025-08
JINDALSTEL,LONG,1033.85,1027.45,1499,-9593.599999999795,-10137.063430045995,TIME_EXIT,2025-09-04 10:40:00+05:30,2025-09-04 12:25:00+05:30,2025-09-04,2025,2025-09
BATAINDIA,LONG,1241.0,1226.108,1248,-18585.216000000066,-19125.76280710125,SL,2025-09-04 12:30:00+05:30,2025-09-04 13:55:00+05:30,2025-09-04,2025,2025-09
IDFCFIRSTB,LONG,72.0,72.17,21524,3659.0800000000368,3111.8279431119568,EOD,2025-09-04 14:00:00+05:30,2025-09-04 15:15:00+05:30,2025-09-04,2025,2025-09
EXIDEIND,LONG,331.05,333.6,4286,10929.300000000048,10426.084550682648,TIME_EXIT,2026-01-22 11:15:00+05:30,2026-01-22 13:00:00+05:30,2026-01-22,2026,2026-01
BEL,LONG,415.05,416.0,3418,3247.0999999999613,2746.1677730685615,TIME_EXIT,2026-01-22 13:05:00+05:30,2026-01-22 14:50:00+05:30,2026-01-22,2026,2026-01
ASHOKLEY,LONG,189.25,190.33,7498,8097.840000000094,7595.394033230254,EOD,2026-01-22 14:55:00+05:30,2026-01-22 15:15:00+05:30,2026-01-22,2026,2026-01
APOLLOTYRE,LONG,497.55,502.5,3060,15146.999999999965,14606.055307421966,TIME_EXIT,2026-02-03 11:05:00+05:30,2026-02-03 12:50:00+05:30,2026-02-03,2026,2026-02
APOLLOTYRE,LONG,503.55,503.75,3024,604.7999999999656,67.93582380476562,TIME_EXIT,2026-02-03 12:55:00+05:30,2026-02-03 14:40:00+05:30,2026-02-03,2026,2026-02
ASHOKLEY,LONG,199.97,199.95,7615,-152.30000000007792,-688.960286120878,EOD,2026-02-03 14:45:00+05:30,2026-02-03 15:15:00+05:30,2026-02-03,2026,2026-02
FEDERALBNK,LONG,287.5,287.35,5540,-830.999999999874,-1392.130069193874,TIME_EXIT,2026-02-09 09:40:00+05:30,2026-02-09 11:25:00+05:30,2026-02-09,2026,2026-02
BATAINDIA,LONG,868.15,874.3,1834,11279.099999999959,10714.70210055416,TIME_EXIT,2026-02-09 11:30:00+05:30,2026-02-09 13:15:00+05:30,2026-02-09,2026,2026-02
ASHOKLEY,LONG,205.53,205.99,7749,3564.540000000062,3002.1863638435816,TIME_EXIT,2026-02-09 13:20:00+05:30,2026-02-09 15:05:00+05:30,2026-02-09,2026,2026-02
BHEL,SHORT,257.9,259.18949999999995,6414,-8270.852999999843,-8856.23606948182,SL,2026-03-11 11:55:00+05:30,2026-03-11 12:15:00+05:30,2026-03-11,2026,2026-03
LTF,SHORT,270.4,270.09374999999994,6118,1873.6375000002085,1291.1099025128835,TSL,2026-03-11 12:35:00+05:30,2026-03-11 13:30:00+05:30,2026-03-11,2026,2026-03
FEDERALBNK,SHORT,271.35,269.65,6096,10363.200000000277,9783.157882464277,EOD,2026-03-11 13:40:00+05:30,2026-03-11 15:15:00+05:30,2026-03-11,2026,2026-03
ESCORTS,LONG,3086.6,3049.5607999999997,539,-19964.12880000009,-20544.78097425498,SL,2026-03-17 10:05:00+05:30,2026-03-17 11:10:00+05:30,2026-03-17,2026,2026-03
BHARATFORG,LONG,1729.7,1735.4,962,5483.400000000043,4895.360460478843,TIME_EXIT,2026-03-17 11:15:00+05:30,2026-03-17 13:00:00+05:30,2026-03-17,2026,2026-03
AUBANK,LONG,892.85,901.4,1865,15945.749999999915,15354.295089067415,TIME_EXIT,2026-03-17 13:05:00+05:30,2026-03-17 14:50:00+05:30,2026-03-17,2026,2026-03
APOLLOTYRE,LONG,419.8,423.15,3967,13289.449999999864,12698.691474020965,EOD,2026-03-17 14:55:00+05:30,2026-03-17 15:15:00+05:30,2026-03-17,2026,2026-03
SRF,SHORT,2479.8,2492.199,696,-8629.703999999922,-9240.485332498625,SL,2026-03-19 11:20:00+05:30,2026-03-19 12:45:00+05:30,2026-03-19,2026,2026-03
BANKINDIA,SHORT,146.72,145.725,11774,11715.130000000054,11109.628942700874,TSL,2026-03-19 14:05:00+05:30,2026-03-19 15:00:00+05:30,2026-03-19,2026,2026-03
CASTROLIND,SHORT,179.24,177.18,9690,19961.400000000023,19354.962290785224,EOD,2026-03-23 12:40:00+05:30,2026-03-23 15:15:00+05:30,2026-03-23,2026,2026-03
CUMMINSIND,LONG,4621.4,4625.0,396,1425.600000000144,780.1785737857441,TIME_EXIT,2026-03-24 11:55:00+05:30,2026-03-24 13:40:00+05:30,2026-03-24,2026,2026-03
APOLLOTYRE,LONG,409.1,404.1908,4482,-22003.034399999993,-22642.98768283822,SL,2026-03-24 13:45:00+05:30,2026-03-24 15:15:00+05:30,2026-03-24,2026,2026-03
MFSL,LONG,1616.4,1613.0,1066,-3624.400000000097,-4230.666440530496,TIME_EXIT,2026-03-25 10:40:00+05:30,2026-03-25 12:25:00+05:30,2026-03-25,2026,2026-03
APOLLOTYRE,LONG,416.15,416.6,4143,1864.3500000001884,1256.1505506856884,TIME_EXIT,2026-03-25 12:30:00+05:30,2026-03-25 14:15:00+05:30,2026-03-25,2026,2026-03
COFORGE,LONG,1160.5,1161.7,1485,1782.0000000000675,1174.0944344580676,EOD,2026-03-25 14:20:00+05:30,2026-03-25 15:15:00+05:30,2026-03-25,2026,2026-03
GMRAIRPORT,SHORT,85.45,85.87724999999999,20074,-8576.61649999973,-9183.64047836566,SL,2026-03-30 11:15:00+05:30,2026-03-30 11:20:00+05:30,2026-03-30,2026,2026-03
BANKINDIA,SHORT,139.66,136.86679999999998,12282,34306.08240000016,33711.33932503894,PARTIAL_PROFIT,2026-03-30 12:35:00+05:30,2026-03-30 15:00:00+05:30,2026-03-30,2026,2026-03
GMRAIRPORT,LONG,89.03,90.48,20644,29933.800000000057,29277.448188756618,TIME_EXIT,2026-04-01 10:45:00+05:30,2026-04-01 12:30:00+05:30,2026-04-01,2026,2026-04
AUBANK,LONG,879.35,878.75,2090,-1254.0000000000475,-1901.3919849540475,TIME_EXIT,2026-04-01 12:35:00+05:30,2026-04-01 14:20:00+05:30,2026-04-01,2026,2026-04
LICHSGFIN,LONG,515.5,515.35,3565,-534.7499999999189,-1182.318247036419,EOD,2026-04-01 14:25:00+05:30,2026-04-01 15:15:00+05:30,2026-04-01,2026,2026-04
BATAINDIA,LONG,702.6,699.0,2802,-10087.200000000064,-10778.179817203265,TIME_EXIT,2026-04-08 11:00:00+05:30,2026-04-08 12:45:00+05:30,2026-04-08,2026,2026-04
AUBANK,LONG,961.95,962.25,2046,613.799999999907,-80.05398358329319,TIME_EXIT,2026-04-08 12:50:00+05:30,2026-04-08 14:35:00+05:30,2026-04-08,2026,2026-04
BANKBARODA,LONG,276.23,275.84,7127,-2779.530000000308,-3472.603580593448,EOD,2026-04-08 14:40:00+05:30,2026-04-08 15:15:00+05:30,2026-04-08,2026,2026-04
BATAINDIA,LONG,714.45,712.4,2655,-5442.750000000181,-6109.745918305681,TIME_EXIT,2026-04-10 11:00:00+05:30,2026-04-10 12:45:00+05:30,2026-04-10,2026,2026-04
CUMMINSIND,LONG,5015.1,5079.9725,378,24521.804999999807,23846.64021631628,TSL,2026-04-10 12:50:00+05:30,2026-04-10 14:15:00+05:30,2026-04-10,2026,2026-04
BANKINDIA,LONG,147.65,148.0,12849,4497.149999999927,3827.206777551827,EOD,2026-04-10 14:20:00+05:30,2026-04-10 15:15:00+05:30,2026-04-10,2026,2026-04
SUNTV,LONG,630.05,626.05,3182,-12728.0,-13430.9594169052,TIME_EXIT,2026-04-15 10:40:00+05:30,2026-04-15 12:25:00+05:30,2026-04-15,2026,2026-04
APOLLOTYRE,LONG,442.45,442.2,4531,-1132.75,-1839.0007348078998,TIME_EXIT,2026-04-15 12:30:00+05:30,2026-04-15 14:15:00+05:30,2026-04-15,2026,2026-04
BALKRISIND,LONG,2264.8,2344.068,663,52554.68400000002,52010.41281201264,PARTIAL_PROFIT,2026-04-15 14:20:00+05:30,2026-04-15 15:15:00+05:30,2026-04-15,2026,2026-04
BALKRISIND,LONG,2264.8,2350.0,222,18914.399999999958,18731.778416654357,EOD,2026-04-15 14:20:00+05:30,2026-04-15 15:15:00+05:30,2026-04-15,2026,2026-04
PAGEIND,LONG,36760.0,36570.0,62,-11780.0,-12579.90865996,TIME_EXIT,2026-04-16 10:50:00+05:30,2026-04-16 12:35:00+05:30,2026-04-16,2026,2026-04
COFORGE,LONG,1318.7,1313.0,1730,-9861.000000000078,-10662.244248066077,EOD,2026-04-16 13:50:00+05:30,2026-04-16 15:15:00+05:30,2026-04-16,2026,2026-04
GODREJPROP,LONG,1840.0,1824.8,1177,-17890.400000000052,-18648.577549729653,TIME_EXIT,2026-05-06 10:50:00+05:30,2026-05-06 12:35:00+05:30,2026-05-06,2026,2026-05
BHEL,LONG,382.1,384.4,5669,13038.699999999742,12271.512931798743,TIME_EXIT,2026-05-06 12:40:00+05:30,2026-05-06 14:25:00+05:30,2026-05-06,2026,2026-05
BALKRISIND,LONG,2220.3,2229.0,975,8482.499999999822,7717.0866417448215,EOD,2026-05-06 14:30:00+05:30,2026-05-06 15:15:00+05:30,2026-05-06,2026,2026-05
SRF,LONG,2627.9,2612.4,826,-12803.0,-13564.3837610428,TIME_EXIT,2026-05-21 10:20:00+05:30,2026-05-21 12:05:00+05:30,2026-05-21,2026,2026-05
GMRAIRPORT,LONG,95.8,96.09,22682,6577.780000000142,5810.041770250662,TIME_EXIT,2026-05-21 12:10:00+05:30,2026-05-21 13:55:00+05:30,2026-05-21,2026,2026-05
CASTROLIND,LONG,183.19,182.2,11861,-11742.390000000109,-12504.842575458648,EOD,2026-05-21 14:00:00+05:30,2026-05-21 15:15:00+05:30,2026-05-21,2026,2026-05
COFORGE,LONG,1388.6,1407.0294999999999,1491,27478.384499999942,26740.801934742845,TSL,2026-05-25 10:05:00+05:30,2026-05-25 11:30:00+05:30,2026-05-25,2026,2026-05
APOLLOTYRE,LONG,388.2,387.55,5336,-3468.3999999998787,-4197.488732851879,TIME_EXIT,2026-05-25 11:35:00+05:30,2026-05-25 13:20:00+05:30,2026-05-25,2026,2026-05
BEL,LONG,420.9,421.6,4921,3444.7000000002236,2713.6982199952236,TIME_EXIT,2026-05-25 13:25:00+05:30,2026-05-25 15:10:00+05:30,2026-05-25,2026,2026-05
ASHOKLEY,SHORT,140.98,141.17,15590,-2962.0999999999644,-3737.5943973809644,EOD,2026-06-08 13:40:00+05:30,2026-06-08 15:15:00+05:30,2026-06-08,2026,2026-06
RBLBANK,LONG,363.3,363.1,5998,-1199.5999999999317,-1967.2754212671318,TIME_EXIT,2026-06-12 10:55:00+05:30,2026-06-12 12:40:00+05:30,2026-06-12,2026,2026-06
ASHOKLEY,LONG,145.81,150.7,14945,73081.0499999998,72292.0934180191,TIME_EXIT,2026-06-12 12:45:00+05:30,2026-06-12 14:30:00+05:30,2026-06-12,2026,2026-06
ASHOKLEY,LONG,151.02,152.49,14430,21212.099999999984,20437.958591458184,EOD,2026-06-12 14:35:00+05:30,2026-06-12 15:15:00+05:30,2026-06-12,2026,2026-06
TORNTPOWER,LONG,1403.6,1407.1,1875,6562.5,5633.056090875,TIME_EXIT,2026-06-15 10:35:00+05:30,2026-06-15 12:20:00+05:30,2026-06-15,2026,2026-06
BALKRISIND,LONG,2187.7,2198.9,1203,13473.600000000328,12542.159239165529,TIME_EXIT,2026-06-15 12:25:00+05:30,2026-06-15 14:10:00+05:30,2026-06-15,2026,2026-06
BALKRISIND,LONG,2199.9,2184.2,1196,-18777.200000000325,-19699.155026293924,EOD,2026-06-15 14:15:00+05:30,2026-06-15 15:15:00+05:30,2026-06-15,2026,2026-06
BANKINDIA,LONG,146.15,146.45,17964,5389.199999999693,4462.316385393293,TIME_EXIT,2026-07-03 10:25:00+05:30,2026-07-03 12:10:00+05:30,2026-07-03,2026,2026-07
ESCORTS,LONG,2970.2,2969.5,883,-618.0999999998394,-1542.2942212524395,TIME_EXIT,2026-07-03 12:15:00+05:30,2026-07-03 14:00:00+05:30,2026-07-03,2026,2026-07
LTF,LONG,327.5,327.3,8016,-1603.1999999999089,-2528.012210956709,EOD,2026-07-03 14:05:00+05:30,2026-07-03 15:15:00+05:30,2026-07-03,2026,2026-07
