filter_type,threshold,exit_rule,trades,win_rate,gross_pnl,stt,net_return,sl_hits
none,0.0,none,21,38.095238095238095,12611.716304932344,3666.6235839843757,8.945092720947969,11
none,0.0,ema21,26,38.46153846153847,13780.183739013979,4541.100060546875,9.239083678467104,7
none,0.0,ema9,37,43.24324324324324,19923.691755371412,6463.045163476565,13.460646591894848,5
none,0.0,high2,58,36.206896551724135,6178.242140198094,10127.031029199217,-3.948788889001124,5
none,0.0,high1,21,38.095238095238095,12611.716304932344,3666.6235839843757,8.945092720947969,11
ema21,0.0,none,0,0.0,0.0,0.0,0.0,0
ema21,0.0,ema21,0,0.0,0.0,0.0,0.0,0
ema21,0.0,ema9,0,0.0,0.0,0.0,0.0,0
ema21,0.0,high2,0,0.0,0.0,0.0,0.0,0
ema21,0.0,high1,0,0.0,0.0,0.0,0.0,0
ema21,0.001,none,0,0.0,0.0,0.0,0.0,0
ema21,0.001,ema21,0,0.0,0.0,0.0,0.0,0
ema21,0.001,ema9,0,0.0,0.0,0.0,0.0,0
ema21,0.001,high2,0,0.0,0.0,0.0,0.0,0
ema21,0.001,high1,0,0.0,0.0,0.0,0.0,0
ema21,0.002,none,1,0.0,-2498.9250793456677,174.9247555541992,-2.673849834899867,1
ema21,0.002,ema21,1,0.0,-1039.984130859375,174.9247555541992,-1.2149088864135742,0
ema21,0.002,ema9,1,0.0,-617.46826171875,174.9247555541992,-0.7923930172729493,0
ema21,0.002,high2,1,0.0,-617.46826171875,174.9247555541992,-0.7923930172729493,0
ema21,0.002,high1,1,0.0,-2498.9250793456677,174.9247555541992,-2.673849834899867,1
ema21,0.003,none,10,40.0,-4199.072929687307,1745.9794566040039,-5.9450523862913105,5
ema21,0.003,ema21,11,36.36363636363637,-1554.721610107376,1920.530406604004,-3.4752520167113796,2
ema21,0.003,ema9,12,25.0,39.7740478515625,2095.019406604004,-2.0552453587524417,0
ema21,0.003,high2,13,23.076923076923077,-47.4178466796875,2269.1334190307616,-2.3165512657104492,0
ema21,0.003,high1,10,40.0,-4199.072929687307,1745.9794566040039,-5.9450523862913105,5
ema21,0.004,none,16,50.0,751.5720483401992,2796.2207076904288,-2.0446486593502295,7
ema21,0.004,ema21,20,55.00000000000001,11791.037737426861,3495.1808611511233,8.295856876275739,3
ema21,0.004,ema9,27,40.74074074074074,9482.271044311548,4718.436125592043,4.763834918719505,1
ema21,0.004,high2,32,31.25,6191.941162109375,5589.538345593263,0.6024028165161116,0
ema21,0.004,high1,16,50.0,751.5720483401992,2796.2207076904288,-2.0446486593502295,7
ema21,0.005,none,17,41.17647058823529,1079.504638977572,2970.757724490356,-1.8912530855127836,8
ema21,0.005,ema21,22,36.36363636363637,6780.346528625569,3844.5690454925534,2.9357774831330152,3
ema21,0.005,ema9,33,36.36363636363637,9516.293670654297,5765.968313403321,3.7503253572509756,0
ema21,0.005,high2,37,37.83783783783784,17377.64324951172,6462.497892996217,10.915145356515502,0
ema21,0.005,high1,17,41.17647058823529,1079.504638977572,2970.757724490356,-1.8912530855127836,8
ema21,0.006,none,20,35.0,-3544.053842772746,3489.925718218994,-7.033979560991741,11
ema21,0.006,ema21,26,30.76923076923077,7092.593784179884,4538.962760264587,2.553631023915297,5
ema21,0.006,ema9,37,32.432432432432435,7487.26567810067,6458.576735623933,1.028688942476737,1
ema21,0.006,high2,48,31.25,-899.9956515501103,8378.969297940826,-9.278964949490936,3
ema21,0.006,high1,20,35.0,-3544.053842772746,3489.925718218994,-7.033979560991741,11
ema21,0.007,none,20,35.0,-3045.7889930718557,3490.5813269332884,-6.536370320005144,11
ema21,0.007,ema21,26,34.61538461538461,9115.802048797857,4539.618368978881,4.576183679818976,6
ema21,0.007,ema9,36,41.66666666666667,17387.206501922767,6285.963286593629,11.101243215329138,2
ema21,0.007,high2,48,35.41666666666667,5843.472854309264,8380.692465951539,-2.5372196116422745,3
ema21,0.007,high1,20,35.0,-3045.7889930718557,3490.5813269332884,-6.536370320005144,11
ema21,0.008,none,19,36.84210526315789,2454.9097872931357,3317.646626443481,-0.8627368391503455,10
ema21,0.008,ema21,24,37.5,16963.57132843048,4192.081641389465,12.771489687041015,6
ema21,0.008,ema9,36,38.88888888888889,15320.396069793836,6288.712519343568,9.03168355045027,2
ema21,0.008,high2,53,35.84905660377358,7030.007423400977,9251.669287002565,-2.221661863601588,2
ema21,0.008,high1,19,36.84210526315789,2454.9097872931357,3317.646626443481,-0.8627368391503455,10
ema21,0.009,none,20,35.0,5846.23780258244,3492.4756045639047,2.3537621980185355,11
ema21,0.009,ema21,25,36.0,11811.883336639756,4366.940112937928,7.444943223701827,8
ema21,0.009,ema9,35,40.0,21855.364527587968,6112.588815867615,15.742775711720352,1
ema21,0.009,high2,56,32.142857142857146,5051.611610412696,9778.149871138005,-4.726538260725309,2
ema21,0.009,high1,20,35.0,5846.23780258244,3492.4756045639047,2.3537621980185355,11
ema21,0.01,none,20,35.0,5843.479062958446,3492.6687163375864,2.3508103466208596,11
ema21,0.01,ema21,25,36.0,12936.222513275456,4367.133224711609,8.569089288563845,7
ema21,0.01,ema9,36,38.88888888888889,18492.06814086928,6289.213605033876,12.202854535835405,3
ema21,0.01,high2,57,33.33333333333333,3732.2682632448305,9953.508213502504,-6.221239950257674,3
ema21,0.01,high1,20,35.0,5843.479062958446,3492.6687163375864,2.3508103466208596,11
ema21,0.011,none,20,40.0,15100.325770111765,3492.4209214218145,11.607904848689952,10
ema21,0.011,ema21,25,40.0,16268.793204193402,4366.897397984314,11.901895806209088,6
ema21,0.011,ema9,36,44.44444444444444,23276.661597900587,6288.773200914004,16.987888396986587,3
ema21,0.011,high2,57,35.08771929824561,7248.15612335231,9952.828366636659,-2.704672243284349,4
ema21,0.011,high1,20,40.0,15100.325770111765,3492.4209214218145,11.607904848689952,10
ema21,0.012,none,20,40.0,15100.325770111765,3492.4209214218145,11.607904848689952,10
ema21,0.012,ema21,25,40.0,16268.793204193402,4366.897397984314,11.901895806209088,6
ema21,0.012,ema9,36,44.44444444444444,23276.661597900587,6288.773200914004,16.987888396986587,3
ema21,0.012,high2,57,35.08771929824561,7248.15612335231,9952.828366636659,-2.704672243284349,4
ema21,0.012,high1,20,40.0,15100.325770111765,3492.4209214218145,11.607904848689952,10
ema21,0.013,none,20,40.0,15100.325770111765,3492.4209214218145,11.607904848689952,10
ema21,0.013,ema21,25,40.0,16268.793204193402,4366.897397984314,11.901895806209088,6
ema21,0.013,ema9,36,44.44444444444444,23276.661597900587,6288.773200914004,16.987888396986587,3
ema21,0.013,high2,57,35.08771929824561,7248.15612335231,9952.828366636659,-2.704672243284349,4
ema21,0.013,high1,20,40.0,15100.325770111765,3492.4209214218145,11.607904848689952,10
ema21,0.014,none,20,40.0,15100.325770111765,3492.4209214218145,11.607904848689952,10
ema21,0.014,ema21,25,40.0,16268.793204193402,4366.897397984314,11.901895806209088,6
ema21,0.014,ema9,36,44.44444444444444,23276.661597900587,6288.773200914004,16.987888396986587,3
ema21,0.014,high2,57,35.08771929824561,7248.15612335231,9952.828366636659,-2.704672243284349,4
ema21,0.014,high1,20,40.0,15100.325770111765,3492.4209214218145,11.607904848689952,10
ema21,0.015,none,20,40.0,15100.325770111765,3492.4209214218145,11.607904848689952,10
ema21,0.015,ema21,25,40.0,16268.793204193402,4366.897397984314,11.901895806209088,6
ema21,0.015,ema9,36,44.44444444444444,23276.661597900587,6288.773200914004,16.987888396986587,3
ema21,0.015,high2,57,35.08771929824561,7248.15612335231,9952.828366636659,-2.704672243284349,4
ema21,0.015,high1,20,40.0,15100.325770111765,3492.4209214218145,11.607904848689952,10
ema21,0.02,none,20,40.0,15100.325770111765,3492.4209214218145,11.607904848689952,10
ema21,0.02,ema21,25,40.0,16268.793204193402,4366.897397984314,11.901895806209088,6
ema21,0.02,ema9,36,44.44444444444444,23276.661597900587,6288.773200914004,16.987888396986587,3
ema21,0.02,high2,57,35.08771929824561,7248.15612335231,9952.828366636659,-2.704672243284349,4
ema21,0.02,high1,20,40.0,15100.325770111765,3492.4209214218145,11.607904848689952,10
ema9,0.0,none,0,0.0,0.0,0.0,0.0,0
ema9,0.0,ema21,0,0.0,0.0,0.0,0.0,0
ema9,0.0,ema9,0,0.0,0.0,0.0,0.0,0
ema9,0.0,high2,0,0.0,0.0,0.0,0.0,0
ema9,0.0,high1,0,0.0,0.0,0.0,0.0,0
ema9,0.001,none,3,0.0,-7490.705079345556,524.3493555541992,-8.015054434899756,3
ema9,0.001,ema21,3,0.0,-3346.569580078125,524.3493555541992,-3.870918935632324,0
ema9,0.001,ema9,3,0.0,-2297.0537109375,524.3493555541992,-2.821403066491699,0
ema9,0.001,high2,3,0.0,-1492.46826171875,524.3493555541992,-2.016817617272949,0
ema9,0.001,high1,3,0.0,-7490.705079345556,524.3493555541992,-8.015054434899756,3
ema9,0.002,none,16,50.0,10179.715476074598,2797.0754224731445,7.382640053601454,7
ema9,0.002,ema21,17,47.05882352941176,15171.98251342781,2972.006479394531,12.19997603403328,2
ema9,0.002,ema9,22,36.36363636363637,3763.645263671875,3845.141746899414,-0.08149648322753911,0
ema9,0.002,high2,26,30.76923076923077,885.35791015625,4541.847227404786,-3.656489317248536,0
ema9,0.002,high1,16,50.0,10179.715476074598,2797.0754224731445,7.382640053601454,7
ema9,0.003,none,18,38.88888888888889,14257.470084229088,3140.2868672058107,11.117183217023276,9
ema9,0.003,ema21,25,28.000000000000004,11895.290714111525,4362.459144232177,7.532831569879347,5
ema9,0.003,ema9,34,38.23529411764706,15642.364334106445,5936.290072353364,9.70607426175308,0
ema9,0.003,high2,44,38.63636363636363,14565.878148193384,7680.075309529876,6.8858028386635075,1
ema9,0.003,high1,18,38.88888888888889,14257.470084229088,3140.2868672058107,11.117183217023276,9
ema9,0.004,none,18,38.88888888888889,13276.227853851873,3143.2010086807254,10.133026845171148,9
ema9,0.004,ema21,23,39.130434782608695,19241.87338790919,4017.6655170547488,15.224207870854439,6
ema9,0.004,ema9,33,39.39393939393939,20348.380946045072,5764.939173725892,14.58344177231918,2
ema9,0.004,high2,55,36.36363636363637,10082.114951477222,9603.058369572453,0.4790565819047697,3
ema9,0.004,high1,18,38.88888888888889,13276.227853851873,3143.2010086807254,10.133026845171148,9
ema9,0.005,none,18,38.88888888888889,9906.355140228883,3142.978956944275,6.763376183284608,9
ema9,0.005,ema21,24,41.66666666666667,18986.72208602928,4192.404305564881,14.7943177804644,5
ema9,0.005,ema9,35,42.857142857142854,22939.66775024428,6114.2801084945695,16.82538764174971,2
ema9,0.005,high2,57,35.08771929824561,6386.509696350269,9952.433863764956,-3.5659241674146873,3
ema9,0.005,high1,18,38.88888888888889,9906.355140228883,3142.978956944275,6.763376183284608,9
ema9,0.006,none,21,33.33333333333333,3348.463062592302,3667.319836363221,-0.3188567737709191,12
ema9,0.006,ema21,26,38.46153846153847,12495.522513275513,4541.784344737243,7.95373816853827,8
ema9,0.006,ema9,37,40.54054054054054,18044.768287353712,6463.864725059511,11.580903562294202,4
ema9,0.006,high2,58,34.48275862068966,3284.968409729263,10128.15933352814,-6.843190923798876,4
ema9,0.006,high1,21,33.33333333333333,3348.463062592302,3667.319836363221,-0.3188567737709191,12
ema9,0.007,none,20,40.0,15100.325770111765,3492.4209214218145,11.607904848689952,10
ema9,0.007,ema21,25,40.0,16268.793204193402,4366.897397984314,11.901895806209088,6
ema9,0.007,ema9,36,44.44444444444444,23276.661597900587,6288.773200914004,16.987888396986587,3
ema9,0.007,high2,57,35.08771929824561,7248.15612335231,9952.828366636659,-2.704672243284349,4
ema9,0.007,high1,20,40.0,15100.325770111765,3492.4209214218145,11.607904848689952,10
ema9,0.008,none,20,40.0,15100.325770111765,3492.4209214218145,11.607904848689952,10
ema9,0.008,ema21,25,40.0,16268.793204193402,4366.897397984314,11.901895806209088,6
ema9,0.008,ema9,36,44.44444444444444,23276.661597900587,6288.773200914004,16.987888396986587,3
ema9,0.008,high2,57,35.08771929824561,7248.15612335231,9952.828366636659,-2.704672243284349,4
ema9,0.008,high1,20,40.0,15100.325770111765,3492.4209214218145,11.607904848689952,10
ema9,0.009,none,20,40.0,15100.325770111765,3492.4209214218145,11.607904848689952,10
ema9,0.009,ema21,25,40.0,16268.793204193402,4366.897397984314,11.901895806209088,6
ema9,0.009,ema9,36,44.44444444444444,23276.661597900587,6288.773200914004,16.987888396986587,3
ema9,0.009,high2,57,35.08771929824561,7248.15612335231,9952.828366636659,-2.704672243284349,4
ema9,0.009,high1,20,40.0,15100.325770111765,3492.4209214218145,11.607904848689952,10
ema9,0.01,none,20,40.0,15100.325770111765,3492.4209214218145,11.607904848689952,10
ema9,0.01,ema21,25,40.0,16268.793204193402,4366.897397984314,11.901895806209088,6
ema9,0.01,ema9,36,44.44444444444444,23276.661597900587,6288.773200914004,16.987888396986587,3
ema9,0.01,high2,57,35.08771929824561,7248.15612335231,9952.828366636659,-2.704672243284349,4
ema9,0.01,high1,20,40.0,15100.325770111765,3492.4209214218145,11.607904848689952,10
ema9,0.011,none,20,40.0,15100.325770111765,3492.4209214218145,11.607904848689952,10
ema9,0.011,ema21,25,40.0,16268.793204193402,4366.897397984314,11.901895806209088,6
ema9,0.011,ema9,36,44.44444444444444,23276.661597900587,6288.773200914004,16.987888396986587,3
ema9,0.011,high2,57,35.08771929824561,7248.15612335231,9952.828366636659,-2.704672243284349,4
ema9,0.011,high1,20,40.0,15100.325770111765,3492.4209214218145,11.607904848689952,10
ema9,0.012,none,20,40.0,15100.325770111765,3492.4209214218145,11.607904848689952,10
ema9,0.012,ema21,25,40.0,16268.793204193402,4366.897397984314,11.901895806209088,6
ema9,0.012,ema9,36,44.44444444444444,23276.661597900587,6288.773200914004,16.987888396986587,3
ema9,0.012,high2,57,35.08771929824561,7248.15612335231,9952.828366636659,-2.704672243284349,4
ema9,0.012,high1,20,40.0,15100.325770111765,3492.4209214218145,11.607904848689952,10
ema9,0.013,none,20,40.0,15102.334359131482,3492.2803201904303,11.610054038941051,10
ema9,0.013,ema21,25,40.0,16270.801793213117,4366.756796752929,11.904044996460186,6
ema9,0.013,ema9,36,44.44444444444444,22414.30980957055,6288.701899682619,16.125607909887933,4
ema9,0.013,high2,57,36.84210526315789,8668.860194397232,9952.687765405273,-1.2838275710080416,4
ema9,0.013,high1,20,40.0,15102.334359131482,3492.2803201904303,11.610054038941051,10
ema9,0.014,none,20,40.0,15102.334359131482,3492.2803201904303,11.610054038941051,10
ema9,0.014,ema21,25,40.0,16270.801793213117,4366.756796752929,11.904044996460186,6
ema9,0.014,ema9,36,44.44444444444444,22414.30980957055,6288.701899682619,16.125607909887933,4
ema9,0.014,high2,57,36.84210526315789,8668.860194397232,9952.687765405273,-1.2838275710080416,4
ema9,0.014,high1,20,40.0,15102.334359131482,3492.2803201904303,11.610054038941051,10
ema9,0.015,none,20,40.0,15102.334359131482,3492.2803201904303,11.610054038941051,10
ema9,0.015,ema21,25,40.0,16270.801793213117,4366.756796752929,11.904044996460186,6
ema9,0.015,ema9,36,44.44444444444444,22414.30980957055,6288.701899682619,16.125607909887933,4
ema9,0.015,high2,57,36.84210526315789,8668.860194397232,9952.687765405273,-1.2838275710080416,4
ema9,0.015,high1,20,40.0,15102.334359131482,3492.2803201904303,11.610054038941051,10
ema9,0.02,none,21,38.095238095238095,12611.716304932344,3666.6235839843757,8.945092720947969,11
ema9,0.02,ema21,26,38.46153846153847,13780.183739013979,4541.100060546875,9.239083678467104,7
ema9,0.02,ema9,37,43.24324324324324,19923.691755371412,6463.045163476565,13.460646591894848,5
ema9,0.02,high2,58,36.206896551724135,6178.242140198094,10127.031029199217,-3.948788889001124,5
ema9,0.02,high1,21,38.095238095238095,12611.716304932344,3666.6235839843757,8.945092720947969,11
vwap,0.0,none,0,0.0,0.0,0.0,0.0,0
vwap,0.0,ema21,0,0.0,0.0,0.0,0.0,0
vwap,0.0,ema9,0,0.0,0.0,0.0,0.0,0
vwap,0.0,high2,0,0.0,0.0,0.0,0.0,0
vwap,0.0,high1,0,0.0,0.0,0.0,0.0,0
vwap,0.001,none,0,0.0,0.0,0.0,0.0,0
vwap,0.001,ema21,0,0.0,0.0,0.0,0.0,0
vwap,0.001,ema9,0,0.0,0.0,0.0,0.0,0
vwap,0.001,high2,0,0.0,0.0,0.0,0.0,0
vwap,0.001,high1,0,0.0,0.0,0.0,0.0,0
vwap,0.002,none,1,0.0,-2498.9250793456677,174.9247555541992,-2.673849834899867,1
vwap,0.002,ema21,1,0.0,-1039.984130859375,174.9247555541992,-1.2149088864135742,0
vwap,0.002,ema9,1,0.0,-617.46826171875,174.9247555541992,-0.7923930172729493,0
vwap,0.002,high2,1,0.0,-617.46826171875,174.9247555541992,-0.7923930172729493,0
vwap,0.002,high1,1,0.0,-2498.9250793456677,174.9247555541992,-2.673849834899867,1
vwap,0.003,none,2,50.0,-2075.9250793456677,349.4757055541992,-2.4254007848998667,1
vwap,0.003,ema21,2,50.0,-137.597900390625,349.4757055541992,-0.4870736059448242,0
vwap,0.003,ema9,2,50.0,1187.338623046875,349.4757055541992,0.8378629174926757,0
vwap,0.003,high2,2,50.0,1187.338623046875,349.4757055541992,0.8378629174926757,0
vwap,0.003,high1,2,50.0,-2075.9250793456677,349.4757055541992,-2.4254007848998667,1
vwap,0.004,none,8,37.5,-4140.006909789739,1398.598478833008,-5.538605388622747,5
vwap,0.004,ema21,9,33.33333333333333,-1183.2051611327665,1573.149428833008,-2.7563545899657744,1
vwap,0.004,ema9,11,36.36363636363637,5082.552307128906,1922.9688972778322,3.1595834098510736,0
vwap,0.004,high2,11,36.36363636363637,4331.559631347656,1922.9688972778322,2.4085907340698243,0
vwap,0.004,high1,8,37.5,-4140.006909789739,1398.598478833008,-5.538605388622747,5
vwap,0.005,none,12,25.0,-5435.913976134887,2096.798057022095,-7.532712033156982,7
vwap,0.005,ema21,14,28.57142857142857,788.3050088502109,2446.2055070220945,-1.6579004981718837,3
vwap,0.005,ema9,20,30.0,2350.8074951171875,3494.6561298248293,-1.143848634707642,0
vwap,0.005,high2,21,38.095238095238095,4026.1951904296875,3669.361074954224,0.3568341154754635,0
vwap,0.005,high1,12,25.0,-5435.913976134887,2096.798057022095,-7.532712033156982,7
vwap,0.006,none,16,37.5,-4102.926350402378,2793.1402334899904,-6.8960665838923685,8
vwap,0.006,ema21,20,40.0,2142.851838684282,3492.1160541503905,-1.3492642154661085,5
vwap,0.006,ema9,26,38.46153846153847,9378.227722167969,4541.01423189087,4.837213490277099,0
vwap,0.006,high2,29,37.93103448275862,5747.040466308594,5064.588806048585,0.6824516602600088,0
vwap,0.006,high1,16,37.5,-4102.926350402378,2793.1402334899904,-6.8960665838923685,8
vwap,0.007,none,20,30.0,-14254.147419432837,3491.6109459381105,-17.745758365370946,12
vwap,0.007,ema21,25,28.000000000000004,-8404.701632079836,4363.298148812867,-12.767999780892703,6
vwap,0.007,ema9,31,32.25806451612903,530.9694458008908,5412.957230569457,-4.881987784768567,2
vwap,0.007,high2,38,31.57894736842105,4881.808923339953,6633.383325061037,-1.7515744017210837,2
vwap,0.007,high1,20,30.0,-14254.147419432837,3491.6109459381105,-17.745758365370946,12
vwap,0.008,none,20,30.0,-12201.88186416557,3489.741836851502,-15.691623701017074,12
vwap,0.008,ema21,25,28.000000000000004,-7216.646837310553,4363.620370628358,-11.58026720793891,6
vwap,0.008,ema9,35,28.57142857142857,-5054.95904678318,6108.716139204407,-11.163675185987588,4
vwap,0.008,high2,46,30.434782608695656,-9433.429324950914,8029.276691561128,-17.46270601651204,4
vwap,0.008,high1,20,30.0,-12201.88186416557,3489.741836851502,-15.691623701017074,12
vwap,0.009,none,19,36.84210526315789,392.2012911993852,3317.778086456299,-2.925576795256914,10
vwap,0.009,ema21,26,34.61538461538461,4064.932659302136,4541.400634603882,-0.4764679753017463,7
vwap,0.009,ema9,35,28.57142857142857,864.9100236513568,6110.402219610595,-5.245492195959239,3
vwap,0.009,high2,51,35.294117647058826,-4479.776224670111,8901.372677356723,-13.381148902026835,4
vwap,0.009,high1,19,36.84210526315789,392.2012911993852,3317.778086456299,-2.925576795256914,10
vwap,0.01,none,20,35.0,-229.59379363945663,3492.739045263673,-3.7223328389031294,11
vwap,0.01,ema21,26,38.46153846153847,8178.3675216678075,4541.754503637696,3.6366130180301117,7
vwap,0.01,ema9,32,34.375,11286.021263275374,5589.163514055633,5.696857749219741,3
vwap,0.01,high2,54,27.77777777777778,-6027.589746398618,9426.504907715609,-15.454094654114229,4
vwap,0.01,high1,20,35.0,-229.59379363945663,3492.739045263673,-3.7223328389031294,11
vwap,0.011,none,21,33.33333333333333,-5192.883309478019,3667.165956077576,-8.860049265555595,12
vwap,0.011,ema21,27,40.74074074074074,6396.491922455143,4716.181414451599,1.6803105080035439,7
vwap,0.011,ema9,34,41.17647058823529,13035.443507080232,5936.416218562317,7.099027288517915,2
vwap,0.011,high2,51,37.254901960784316,8852.980680847391,8903.091608837893,-0.05011092799050129,3
vwap,0.011,high1,21,33.33333333333333,-5192.883309478019,3667.165956077576,-8.860049265555595,12
vwap,0.012,none,19,42.10526315789473,17596.02577011171,3317.7219214218144,14.278303848689896,9
vwap,0.012,ema21,24,41.66666666666667,18764.493204193343,4192.198397984314,14.57229480620903,5
vwap,0.012,ema9,34,47.05882352941176,27168.282252197405,5939.301175914003,21.2289810762834,2
vwap,0.012,high2,52,34.61538461538461,9479.74340667747,9077.619357751468,0.4021240489260017,3
vwap,0.012,high1,19,42.10526315789473,17596.02577011171,3317.7219214218144,14.278303848689896,9
vwap,0.013,none,20,40.0,15100.325770111765,3492.4209214218145,11.607904848689952,10
vwap,0.013,ema21,25,40.0,16268.793204193402,4366.897397984314,11.901895806209088,6
vwap,0.013,ema9,35,45.714285714285715,24672.582252197462,6114.000175914003,18.558582076283457,3
vwap,0.013,high2,55,36.36363636363637,11243.5680740358,9602.89011104584,1.640677962989961,3
vwap,0.013,high1,20,40.0,15100.325770111765,3492.4209214218145,11.607904848689952,10
vwap,0.014,none,20,40.0,15100.325770111765,3492.4209214218145,11.607904848689952,10
vwap,0.014,ema21,25,40.0,16268.793204193402,4366.897397984314,11.901895806209088,6
vwap,0.014,ema9,36,44.44444444444444,23276.661597900587,6288.773200914004,16.987888396986587,3
vwap,0.014,high2,57,35.08771929824561,7259.814060363999,9952.012311045837,-2.6921982506818387,4
vwap,0.014,high1,20,40.0,15100.325770111765,3492.4209214218145,11.607904848689952,10
vwap,0.015,none,20,40.0,15100.325770111765,3492.4209214218145,11.607904848689952,10
vwap,0.015,ema21,25,40.0,16268.793204193402,4366.897397984314,11.901895806209088,6
vwap,0.015,ema9,36,44.44444444444444,23276.661597900587,6288.773200914004,16.987888396986587,3
vwap,0.015,high2,57,35.08771929824561,7259.814060363999,9952.012311045837,-2.6921982506818387,4
vwap,0.015,high1,20,40.0,15100.325770111765,3492.4209214218145,11.607904848689952,10
vwap,0.02,none,20,40.0,15100.325770111765,3492.4209214218145,11.607904848689952,10
vwap,0.02,ema21,25,40.0,16268.793204193402,4366.897397984314,11.901895806209088,6
vwap,0.02,ema9,36,44.44444444444444,23276.661597900587,6288.773200914004,16.987888396986587,3
vwap,0.02,high2,57,35.08771929824561,7248.15612335231,9952.828366636659,-2.704672243284349,4
vwap,0.02,high1,20,40.0,15100.325770111765,3492.4209214218145,11.607904848689952,10
