bg,bb,mp,xg,ndays,t_ret,t_pf,t_dd,t_n,v_ret,v_pf,v_dd,v_n
0.005,0.3,1,-0.004,345,54.4,1.04,-45.9,660,-9.3,0.98,-60.7,176
0.005,0.3,1,-0.008,345,67.3,1.04,-47.3,658,10.1,1.02,-58.6,176
0.005,0.3,1,-0.012,345,79.6,1.05,-48.1,660,15.9,1.02,-59.7,176
0.005,0.3,2,-0.004,345,71.0,1.06,-49.3,1253,13.3,1.02,-49.4,327
0.005,0.3,2,-0.008,345,97.3,1.08,-50.4,1258,8.6,1.01,-53.2,326
0.005,0.3,2,-0.012,345,110.4,1.09,-52.5,1259,2.9,1.0,-55.4,327
0.005,0.3,3,-0.004,345,62.2,1.06,-42.7,1811,30.4,1.05,-36.1,479
0.005,0.3,3,-0.008,345,84.4,1.08,-42.6,1811,42.8,1.06,-38.3,480
0.005,0.3,3,-0.012,345,83.7,1.08,-43.7,1813,36.5,1.06,-38.6,482
0.005,0.35,1,-0.004,305,55.4,1.04,-45.6,584,3.6,1.01,-57.4,151
0.005,0.35,1,-0.008,305,76.4,1.05,-47.0,581,4.1,1.01,-60.4,151
0.005,0.35,1,-0.012,305,74.2,1.05,-47.8,583,8.6,1.01,-59.6,151
0.005,0.35,2,-0.004,305,38.6,1.04,-48.4,1122,23.2,1.05,-44.7,276
0.005,0.35,2,-0.008,305,65.5,1.06,-48.7,1123,26.5,1.05,-48.3,274
0.005,0.35,2,-0.012,305,69.7,1.06,-50.7,1124,21.8,1.04,-49.2,275
0.005,0.35,3,-0.004,305,35.2,1.04,-42.6,1621,39.1,1.09,-33.9,406
0.005,0.35,3,-0.008,305,51.1,1.06,-43.3,1618,47.0,1.1,-35.9,405
0.005,0.35,3,-0.012,305,45.7,1.05,-43.7,1620,40.6,1.09,-35.4,407
0.005,0.4,1,-0.004,260,52.6,1.04,-40.8,508,74.5,1.15,-37.4,126
0.005,0.4,1,-0.008,260,72.5,1.05,-45.1,506,84.0,1.15,-39.0,126
0.005,0.4,1,-0.012,260,69.5,1.05,-45.3,508,82.7,1.15,-38.8,126
0.005,0.4,2,-0.004,260,26.3,1.03,-46.9,973,66.6,1.19,-25.2,231
0.005,0.4,2,-0.008,260,53.8,1.05,-47.5,975,79.5,1.19,-27.5,229
0.005,0.4,2,-0.012,260,57.2,1.06,-47.5,976,80.7,1.19,-27.8,229
0.005,0.4,3,-0.004,260,19.2,1.02,-42.5,1406,78.1,1.25,-18.5,338
0.005,0.4,3,-0.008,260,34.7,1.04,-44.9,1408,95.1,1.27,-19.4,337
0.005,0.4,3,-0.012,260,31.3,1.04,-44.9,1411,86.1,1.25,-19.3,338
0.007,0.3,1,-0.004,175,119.3,1.13,-40.3,324,149.2,1.35,-34.4,90
0.007,0.3,1,-0.008,175,152.7,1.17,-40.4,322,171.9,1.35,-36.1,90
0.007,0.3,1,-0.012,175,136.4,1.16,-40.3,323,161.0,1.35,-35.3,90
0.007,0.3,2,-0.004,175,61.4,1.1,-44.3,619,119.1,1.41,-16.1,160
0.007,0.3,2,-0.008,175,70.4,1.12,-45.8,622,107.8,1.37,-16.8,160
0.007,0.3,2,-0.012,175,69.6,1.12,-46.1,622,107.4,1.37,-16.7,160
0.007,0.3,3,-0.004,175,50.1,1.09,-44.0,896,110.7,1.44,-13.1,237
0.007,0.3,3,-0.008,175,59.4,1.11,-44.7,900,116.4,1.44,-13.6,237
0.007,0.3,3,-0.012,175,57.2,1.11,-45.5,901,107.7,1.42,-13.6,238
0.007,0.35,1,-0.004,143,120.9,1.18,-36.0,251,206.7,1.57,-15.4,79
0.007,0.35,1,-0.008,143,154.2,1.24,-36.0,249,238.4,1.57,-16.1,79
0.007,0.35,1,-0.012,143,137.6,1.22,-36.0,250,222.6,1.57,-15.7,79
0.007,0.35,2,-0.004,143,71.0,1.14,-36.1,482,146.9,1.57,-16.2,142
0.007,0.35,2,-0.008,143,81.4,1.16,-36.8,485,135.2,1.51,-16.8,142
0.007,0.35,2,-0.012,143,81.1,1.17,-36.8,485,135.1,1.51,-16.8,142
0.007,0.35,3,-0.004,143,48.5,1.11,-37.1,705,116.6,1.54,-12.2,211
0.007,0.35,3,-0.008,143,56.6,1.13,-36.9,709,122.0,1.54,-12.5,211
0.007,0.35,3,-0.012,143,57.5,1.14,-36.9,710,115.1,1.52,-12.6,212
0.007,0.4,1,-0.004,121,30.0,1.08,-43.6,208,75.8,1.43,-13.0,75
0.007,0.4,1,-0.008,121,49.9,1.13,-45.1,206,87.6,1.43,-14.0,75
0.007,0.4,1,-0.012,121,40.1,1.11,-48.8,207,82.0,1.43,-13.5,75
0.007,0.4,2,-0.004,121,8.9,1.03,-44.8,398,69.5,1.47,-13.7,134
0.007,0.4,2,-0.008,121,21.0,1.06,-45.4,400,65.4,1.42,-14.5,134
0.007,0.4,2,-0.012,121,19.8,1.06,-48.8,400,64.9,1.42,-14.4,134
0.007,0.4,3,-0.004,121,14.5,1.05,-43.6,575,70.6,1.49,-11.0,200
0.007,0.4,3,-0.008,121,23.0,1.07,-44.6,579,75.3,1.48,-11.4,200
0.007,0.4,3,-0.012,121,23.6,1.08,-46.4,580,75.6,1.48,-11.5,200
0.01,0.3,1,-0.004,66,80.0,1.34,-18.6,94,177.9,2.43,-12.1,49
0.01,0.3,1,-0.008,66,80.0,1.34,-18.6,94,177.9,2.43,-12.1,49
0.01,0.3,1,-0.012,66,80.0,1.34,-18.6,94,177.9,2.43,-12.1,49
0.01,0.3,2,-0.004,66,62.8,1.27,-23.5,190,136.7,2.11,-5.2,87
0.01,0.3,2,-0.008,66,63.1,1.27,-23.5,191,118.3,2.01,-5.3,87
0.01,0.3,2,-0.012,66,63.1,1.27,-23.5,191,118.3,2.01,-5.3,87
0.01,0.3,3,-0.004,66,35.6,1.18,-20.6,280,94.8,2.0,-3.9,130
0.01,0.3,3,-0.008,66,35.1,1.18,-20.5,281,93.4,1.99,-3.9,130
0.01,0.3,3,-0.012,66,35.1,1.18,-20.5,281,93.4,1.99,-3.9,130
0.01,0.35,1,-0.004,56,47.2,1.26,-19.8,73,127.3,2.26,-10.8,47
0.01,0.35,1,-0.008,56,47.2,1.26,-19.8,73,127.3,2.26,-10.8,47
0.01,0.35,1,-0.012,56,47.2,1.26,-19.8,73,127.3,2.26,-10.8,47
0.01,0.35,2,-0.004,56,44.5,1.25,-19.6,151,110.5,2.04,-5.0,83
0.01,0.35,2,-0.008,56,44.5,1.25,-19.6,151,94.5,1.94,-5.0,83
0.01,0.35,2,-0.012,56,44.5,1.25,-19.6,151,94.5,1.94,-5.0,83
0.01,0.35,3,-0.004,56,40.0,1.24,-17.4,222,80.1,1.84,-3.9,124
0.01,0.35,3,-0.008,56,40.0,1.24,-17.4,222,79.3,1.83,-4.0,124
0.01,0.35,3,-0.012,56,40.0,1.24,-17.4,222,79.3,1.83,-4.0,124
0.01,0.4,1,-0.004,47,26.1,1.19,-16.0,64,114.6,3.2,-3.1,35
0.01,0.4,1,-0.008,47,26.1,1.19,-16.0,64,114.6,3.2,-3.1,35
0.01,0.4,1,-0.012,47,26.1,1.19,-16.0,64,114.6,3.2,-3.1,35
0.01,0.4,2,-0.004,47,28.8,1.19,-19.6,137,88.2,2.38,-4.7,65
0.01,0.4,2,-0.008,47,28.8,1.19,-19.6,137,74.6,2.22,-4.8,65
0.01,0.4,2,-0.012,47,28.8,1.19,-19.6,137,74.6,2.22,-4.8,65
0.01,0.4,3,-0.004,47,20.1,1.15,-15.6,203,60.1,2.02,-2.6,97
0.01,0.4,3,-0.008,47,20.1,1.15,-15.6,203,59.4,2.02,-2.6,97
0.01,0.4,3,-0.012,47,20.1,1.15,-15.6,203,59.4,2.02,-2.6,97
