rg,rb,mp,tg,ndays,t_ret,t_pf,t_dd,t_n,v_ret,v_pf,v_dd,v_n
-0.004,0.35,1,-0.015,109,-1.2,0.98,-21.2,60,16.0,1.41,-16.6,29
-0.004,0.35,1,-0.02,109,6.9,1.15,-11.7,37,32.2,2.33,-10.7,20
-0.004,0.35,1,-0.025,109,43.1,2.98,-8.0,23,23.7,1.88,-5.7,15
-0.004,0.35,2,-0.015,109,3.0,1.05,-11.9,88,14.6,1.47,-10.6,44
-0.004,0.35,2,-0.02,109,-0.2,1.0,-9.8,58,26.2,2.43,-6.4,31
-0.004,0.35,2,-0.025,109,15.9,1.86,-4.0,35,10.9,1.73,-3.9,21
-0.004,0.35,3,-0.015,109,-1.5,0.97,-8.9,105,20.0,1.9,-7.7,52
-0.004,0.35,3,-0.02,109,2.2,1.08,-5.8,65,20.4,2.37,-5.7,38
-0.004,0.35,3,-0.025,109,8.5,1.58,-3.5,39,7.5,1.67,-3.4,24
-0.004,0.4,1,-0.015,92,-2.4,0.97,-20.7,57,14.1,1.37,-16.5,28
-0.004,0.4,1,-0.02,92,2.0,1.04,-14.0,36,30.8,2.33,-10.2,20
-0.004,0.4,1,-0.025,92,36.7,2.71,-8.0,22,22.6,1.88,-5.5,15
-0.004,0.4,2,-0.015,92,2.4,1.04,-11.9,85,15.2,1.52,-10.5,42
-0.004,0.4,2,-0.02,92,-2.5,0.93,-10.5,57,25.6,2.44,-6.3,31
-0.004,0.4,2,-0.025,92,13.3,1.72,-6.1,34,10.6,1.72,-3.9,21
-0.004,0.4,3,-0.015,92,-2.0,0.96,-8.9,102,20.4,1.95,-7.7,50
-0.004,0.4,3,-0.02,92,0.6,1.02,-7.3,64,20.1,2.37,-5.6,38
-0.004,0.4,3,-0.025,92,6.8,1.46,-5.0,38,7.4,1.67,-3.4,24
-0.004,0.5,1,-0.015,78,-1.5,0.98,-20.7,55,17.3,1.48,-16.6,27
-0.004,0.5,1,-0.02,78,3.0,1.07,-13.3,34,34.7,2.69,-10.3,19
-0.004,0.5,1,-0.025,78,35.5,2.66,-8.0,21,22.4,1.88,-5.5,15
-0.004,0.5,2,-0.015,78,2.8,1.05,-12.3,83,16.9,1.59,-10.5,41
-0.004,0.5,2,-0.02,78,-2.0,0.94,-10.1,55,27.4,2.65,-6.3,30
-0.004,0.5,2,-0.025,78,12.8,1.7,-6.1,33,10.6,1.72,-3.8,21
-0.004,0.5,3,-0.015,78,-1.7,0.96,-9.2,100,21.5,2.04,-7.7,49
-0.004,0.5,3,-0.02,78,0.9,1.03,-6.7,62,21.3,2.53,-5.6,37
-0.004,0.5,3,-0.025,78,6.5,1.44,-5.0,37,7.4,1.67,-3.4,24
-0.006,0.35,1,-0.015,72,4.0,1.06,-16.2,53,18.3,1.48,-17.5,27
-0.006,0.35,1,-0.02,72,3.0,1.07,-13.3,34,34.7,2.69,-10.3,19
-0.006,0.35,1,-0.025,72,35.5,2.66,-8.0,21,22.4,1.88,-5.5,15
-0.006,0.35,2,-0.015,72,5.7,1.11,-9.9,81,17.3,1.59,-10.8,41
-0.006,0.35,2,-0.02,72,-2.0,0.94,-10.1,55,27.4,2.65,-6.3,30
-0.006,0.35,2,-0.025,72,12.8,1.7,-6.1,33,10.6,1.72,-3.8,21
-0.006,0.35,3,-0.015,72,0.2,1.0,-7.5,98,21.9,2.04,-7.8,49
-0.006,0.35,3,-0.02,72,0.9,1.03,-6.7,62,21.3,2.53,-5.6,37
-0.006,0.35,3,-0.025,72,6.5,1.44,-5.0,37,7.4,1.67,-3.4,24
-0.006,0.4,1,-0.015,66,4.0,1.06,-16.2,52,19.9,1.57,-17.5,25
-0.006,0.4,1,-0.02,66,3.0,1.07,-13.3,33,38.5,3.29,-10.3,18
-0.006,0.4,1,-0.025,66,35.5,2.66,-8.0,21,26.7,2.27,-5.5,14
-0.006,0.4,2,-0.015,66,5.6,1.11,-9.9,80,19.8,1.77,-10.8,38
-0.006,0.4,2,-0.02,66,-2.1,0.94,-10.1,54,29.1,2.94,-6.3,29
-0.006,0.4,2,-0.025,66,12.8,1.7,-6.1,33,12.3,1.95,-3.8,20
-0.006,0.4,3,-0.015,66,0.1,1.0,-7.5,97,23.6,2.25,-7.8,46
-0.006,0.4,3,-0.02,66,0.9,1.03,-6.7,61,22.4,2.75,-5.6,36
-0.006,0.4,3,-0.025,66,6.5,1.44,-5.0,37,8.4,1.84,-3.4,23
-0.006,0.5,1,-0.015,61,4.3,1.06,-16.2,50,20.0,1.57,-17.5,25
-0.006,0.5,1,-0.02,61,3.0,1.07,-13.3,33,38.5,3.29,-10.3,18
-0.006,0.5,1,-0.025,61,35.5,2.66,-8.0,21,26.7,2.27,-5.5,14
-0.006,0.5,2,-0.015,61,5.8,1.12,-9.9,78,19.9,1.77,-10.8,38
-0.006,0.5,2,-0.02,61,-2.1,0.94,-10.1,54,29.1,2.94,-6.3,29
-0.006,0.5,2,-0.025,61,12.8,1.7,-6.1,33,12.3,1.95,-3.8,20
-0.006,0.5,3,-0.015,61,0.2,1.01,-7.5,95,23.6,2.25,-7.8,46
-0.006,0.5,3,-0.02,61,0.9,1.03,-6.7,61,22.4,2.75,-5.6,36
-0.006,0.5,3,-0.025,61,6.5,1.44,-5.0,37,8.4,1.84,-3.4,23
-0.008,0.35,1,-0.015,61,4.0,1.06,-16.2,52,23.3,1.74,-17.5,24
-0.008,0.35,1,-0.02,61,3.0,1.07,-13.3,33,38.5,3.29,-10.3,18
-0.008,0.35,1,-0.025,61,35.5,2.66,-8.0,21,26.7,2.27,-5.5,14
-0.008,0.35,2,-0.015,61,5.6,1.11,-9.9,80,21.5,1.89,-10.8,37
-0.008,0.35,2,-0.02,61,-2.1,0.94,-10.1,54,29.1,2.94,-6.3,29
-0.008,0.35,2,-0.025,61,12.8,1.7,-6.1,33,12.3,1.95,-3.8,20
-0.008,0.35,3,-0.015,61,0.1,1.0,-7.5,97,24.7,2.39,-7.8,45
-0.008,0.35,3,-0.02,61,0.9,1.03,-6.7,61,22.4,2.75,-5.6,36
-0.008,0.35,3,-0.025,61,6.5,1.44,-5.0,37,8.4,1.84,-3.4,23
-0.008,0.4,1,-0.015,50,-6.8,0.89,-18.4,45,24.0,1.96,-15.8,23
-0.008,0.4,1,-0.02,50,-6.2,0.85,-21.0,32,35.0,3.29,-9.5,18
-0.008,0.4,1,-0.025,50,23.4,2.14,-8.0,20,24.3,2.27,-5.0,14
-0.008,0.4,2,-0.015,50,1.2,1.02,-11.0,72,22.3,2.03,-10.4,36
-0.008,0.4,2,-0.02,50,-6.7,0.81,-14.3,53,27.7,2.94,-6.0,29
-0.008,0.4,2,-0.025,50,7.5,1.42,-6.1,32,11.7,1.95,-3.7,20
-0.008,0.4,3,-0.015,50,-2.8,0.93,-8.3,89,25.0,2.55,-7.6,44
-0.008,0.4,3,-0.02,50,-2.3,0.92,-8.6,60,21.6,2.74,-5.4,36
-0.008,0.4,3,-0.025,50,3.1,1.22,-5.0,36,8.2,1.84,-3.3,23
-0.008,0.5,1,-0.015,44,-3.6,0.94,-18.5,42,25.1,1.97,-16.1,22
-0.008,0.5,1,-0.02,44,-3.7,0.91,-21.0,31,37.2,3.5,-8.9,17
-0.008,0.5,1,-0.025,44,23.4,2.14,-8.0,20,24.3,2.27,-5.0,14
-0.008,0.5,2,-0.015,44,2.9,1.06,-11.1,69,23.3,2.09,-10.0,34
-0.008,0.5,2,-0.02,44,-5.4,0.85,-14.0,52,28.6,3.04,-5.7,28
-0.008,0.5,2,-0.025,44,7.5,1.42,-6.1,32,11.7,1.95,-3.7,20
-0.008,0.5,3,-0.015,44,-1.6,0.96,-8.9,86,25.7,2.61,-7.4,42
-0.008,0.5,3,-0.02,44,-1.4,0.95,-7.8,59,22.2,2.82,-5.2,35
-0.008,0.5,3,-0.025,44,3.1,1.22,-5.0,36,8.2,1.84,-3.3,23
